NAME,INTERNET,READ_PHONE_STATE,ACCESS_NETWORK_STATE,WRITE_EXTERNAL_STORAGE,READ_SMS,ACCESS_WIFI_STATE,RECEIVE_BOOT_COMPLETED,WRITE_SMS,SEND_SMS,RECEIVE_SMS,VIBRATE,ACCESS_COARSE_LOCATION,READ_CONTACTS,CALL_PHONE,ACCESS_FINE_LOCATION,WAKE_LOCK,WRITE_CONTACTS,CHANGE_WIFI_STATE,WRITE_APN_SETTINGS,RESTART_PACKAGES
00F74E3435E2845667AE05BE94C4BFB5F3A3F31E.apk,1, 1, 1, 0, 1, 0, 1, 0, 1, 1, 1, 0, 1, 1, 0, 1, 1, 0, 0, 0
021d55c415ff951c8e7b1ce3f94399bb.apk,1, 1, 1, 1, 1, 1, 1, 1, 1, 1, 0, 0, 1, 1, 1, 1, 1, 1, 0, 0
029758783d2f9d8fd368392a6b7fdf5aa76931f85d6458125b6e8e1cadcdc9b4.apk,1, 1, 1, 1, 1, 0, 1, 0, 1, 1, 0, 0, 1, 0, 1, 1, 0, 0, 0, 0
035D1F3B7FB532A33DE7A8445F9FA325.apk,1, 1, 1, 0, 1, 0, 1, 1, 0, 1, 0, 0, 1, 0, 0, 1, 0, 0, 0, 0
036258E2C51E21C140B5838CE9BFB4F8.apk,1, 1, 1, 0, 1, 0, 1, 0, 1, 1, 0, 0, 0, 0, 0, 1, 0, 0, 0, 0
0503B2F6C1349F7E1CD7E8B6BF17AC46.apk,1, 1, 1, 1, 0, 1, 1, 0, 0, 0, 1, 0, 0, 0, 0, 0, 0, 0, 0, 0
05131969AF2AE6CBFDDF789512F02AA2.apk,1, 1, 1, 1, 1, 0, 1, 0, 1, 1, 0, 0, 0, 0, 0, 1, 0, 0, 0, 0
052DB48B8D0A1F67198263C712141477CDC09D79.apk,1, 1, 1, 0, 1, 0, 1, 0, 1, 1, 1, 0, 1, 1, 0, 1, 1, 0, 0, 0
06E74DF867E9CB5C1BAFC98165C6C248.apk,1, 1, 1, 0, 1, 0, 1, 1, 0, 1, 0, 0, 1, 0, 0, 1, 0, 0, 0, 0
08CFFA8F55BE4BBED2704395876B618F.apk,1, 1, 1, 0, 1, 1, 1, 1, 1, 1, 0, 1, 1, 0, 1, 1, 0, 1, 0, 0
0b8806b38b52bebfe39ff585639e2ea2.apk,1, 1, 1, 1, 1, 0, 0, 0, 0, 1, 0, 0, 1, 0, 1, 0, 0, 0, 0, 0
0cbcfbebfb33fde66c282fec0248b0d99a829eab.apk,1, 1, 1, 1, 1, 1, 1, 1, 1, 1, 1, 1, 1, 1, 1, 1, 0, 1, 0, 0
0cc2c8461c78394b186a599c2d5baad364fb41c7.apk,1, 1, 1, 1, 1, 1, 1, 1, 1, 1, 1, 1, 1, 1, 1, 1, 0, 1, 0, 0
0D28FA54F9C0D41801E8FB5A7B0433DD.apk,1, 1, 1, 1, 0, 1, 1, 0, 1, 1, 1, 0, 1, 1, 0, 1, 1, 1, 0, 1
0EF7BC8F6AB7264E70ECD3B04486D3D34BDE2532.apk,1, 1, 1, 0, 1, 0, 0, 0, 1, 1, 0, 0, 1, 1, 0, 1, 0, 0, 0, 0
11A7767BFE4926458EC84385214B82C9.apk,1, 1, 1, 0, 0, 1, 1, 0, 0, 0, 1, 0, 0, 0, 0, 0, 0, 0, 0, 0
1264c25d67d41f52102573d3c528bcddda42129df5052881f7e98b4a90f61f23.apk,1, 1, 1, 1, 1, 0, 1, 0, 1, 1, 0, 0, 1, 0, 1, 1, 0, 0, 0, 0
12D57ED44D4DE42FBB06BE091D964D9AF5C5E8E3.apk,1, 1, 1, 0, 1, 0, 1, 0, 1, 1, 1, 0, 1, 1, 0, 1, 1, 0, 0, 0
13.apk,1, 1, 1, 1, 1, 1, 1, 0, 0, 0, 0, 1, 1, 1, 0, 0, 0, 0, 0, 0
146c3f0f068813360b255b4687aaa0ae862a1daa8c44f51207007f6a42bdbb09.apk,1, 1, 1, 1, 0, 0, 1, 0, 1, 0, 0, 1, 0, 0, 1, 0, 0, 0, 0, 0
1485F498084F963801ED76013749C9FA.apk,1, 1, 1, 1, 0, 1, 1, 0, 0, 0, 1, 1, 0, 0, 1, 1, 0, 0, 0, 0
14F582EB7DBB6BF38FCE331C5D1042EA.apk,1, 1, 1, 1, 1, 0, 1, 1, 1, 1, 1, 0, 1, 1, 0, 0, 0, 0, 0, 1
152F626EB92676F940ADA4B7077ACF16.apk,1, 1, 1, 1, 1, 0, 1, 0, 1, 1, 0, 0, 0, 0, 0, 1, 0, 0, 0, 0
153626fae2eaa8ae6ef4727958104ee7.apk,1, 1, 1, 1, 0, 0, 1, 0, 0, 0, 1, 0, 1, 0, 0, 1, 0, 0, 0, 0
156790b2ef37080cdc301324fa3f5a28d4c310d3.apk,1, 1, 1, 1, 1, 1, 1, 1, 1, 1, 1, 1, 1, 1, 1, 1, 0, 1, 0, 0
1600E2773A9BFA80478FACC3107F75E115FF8876.apk,1, 1, 1, 0, 1, 0, 1, 0, 1, 1, 1, 0, 1, 1, 0, 1, 1, 0, 0, 0
16BD4B23B55F0ADE6DF16D8C6DCF502C.apk,1, 0, 1, 1, 0, 0, 0, 0, 0, 0, 0, 0, 1, 0, 0, 0, 0, 0, 0, 0
174C652D7595F42211B1BD8E4CD79478.apk,1, 1, 1, 1, 0, 1, 0, 0, 0, 0, 0, 0, 0, 0, 0, 0, 0, 0, 0, 0
17561EB2A0E07B5F5361994E952EA4B79CC90C4F.apk,1, 1, 1, 0, 1, 0, 1, 0, 1, 1, 1, 0, 1, 1, 0, 1, 1, 0, 0, 0
19E36E76B58CD49025455AC23CE1461B.apk,1, 1, 1, 1, 1, 0, 1, 1, 1, 1, 1, 0, 1, 1, 0, 0, 0, 0, 0, 1
1B319EBE6083D273EE14154A1FD89742.apk,1, 1, 1, 1, 1, 0, 1, 1, 1, 1, 1, 0, 1, 1, 0, 0, 0, 0, 0, 1
1B9E1CD2C7F8E227B2AE5FB5BC735536.apk,1, 1, 1, 0, 1, 0, 1, 1, 0, 1, 0, 0, 1, 0, 0, 1, 0, 0, 0, 0
1BF7A3639BF81E2260547FE5E04F864C.apk,1, 1, 1, 0, 0, 0, 1, 0, 1, 0, 0, 0, 1, 0, 0, 0, 0, 0, 0, 0
1D5774C06E483E1BA4160D63334385178AE42162.apk,1, 1, 1, 0, 1, 0, 1, 0, 1, 1, 1, 0, 1, 1, 0, 1, 1, 0, 0, 0
20bf4c9d0a84ac0f711ccf34110f526f2b216ae74c2a96de3d90e771e9de2ad4.apk,1, 1, 1, 1, 1, 0, 1, 0, 1, 1, 0, 0, 1, 0, 1, 1, 0, 0, 0, 0
20F4CD2BAA09E0BD5E12DAB50C0898CD.apk,1, 1, 1, 0, 1, 0, 1, 1, 0, 1, 0, 0, 1, 0, 0, 1, 0, 0, 0, 0
21266E72C8BECBB439CB6D77F174B5ECCEFA2769.apk,1, 1, 1, 0, 1, 0, 0, 0, 1, 1, 0, 0, 1, 1, 0, 1, 1, 0, 0, 0
228A4B723BF3D8ADC53A69DD0F36C746.apk,1, 1, 1, 0, 1, 0, 1, 1, 0, 1, 0, 0, 1, 0, 0, 1, 0, 0, 0, 0
23549741658E6B1D52654691F974B01E7ECA5F24.apk,1, 1, 1, 0, 1, 0, 1, 0, 1, 1, 1, 0, 1, 1, 0, 1, 1, 0, 0, 0
2B90FCA41272BEC8B8FFEFBB2456C001.apk,1, 1, 1, 0, 1, 0, 1, 1, 0, 1, 0, 0, 1, 0, 0, 1, 0, 0, 0, 0
2C055D7B5199604CD5CF3441073B36B3.apk,1, 1, 1, 1, 1, 0, 1, 0, 1, 1, 0, 0, 0, 0, 0, 1, 0, 0, 0, 0
2C3B92FFE8123611AE9D9BED000C99F7_1074807_371216__3dtimeclockticks.apk,1, 1, 1, 0, 0, 1, 0, 0, 0, 0, 0, 0, 0, 0, 0, 0, 0, 0, 0, 0
2c82604a5b8cd48e841f4a37173df1b0.apk,1, 1, 1, 1, 0, 0, 1, 0, 0, 0, 1, 0, 1, 0, 0, 1, 0, 0, 0, 0
2EED7318CA564A909E75AD616CAD5CDF.apk,1, 1, 1, 1, 0, 1, 1, 0, 0, 0, 1, 1, 0, 0, 1, 0, 0, 0, 0, 0
2F4D81EF1B10BF72D0DBA0FDF354527F.apk,1, 1, 1, 0, 1, 0, 1, 0, 1, 1, 0, 0, 0, 0, 0, 1, 0, 0, 0, 0
3065EBD6658A50262869277FF29B03DD621CA1C6.apk,1, 1, 1, 0, 1, 0, 1, 0, 1, 1, 1, 0, 1, 1, 0, 1, 1, 0, 0, 0
30DFC598D7C3E60D12695F5827F6507F6C1FEEAA.apk,1, 1, 1, 0, 1, 0, 1, 0, 1, 1, 1, 0, 1, 1, 0, 1, 1, 0, 0, 0
312C111D3E6CDDFA7F8F782525D792DE0776EC72.apk,1, 1, 1, 0, 1, 0, 1, 0, 1, 1, 1, 0, 1, 1, 0, 1, 1, 0, 0, 0
314d66e71040b36ba63ad5a376647dd63ecf3a5c.apk,1, 1, 1, 1, 1, 1, 1, 1, 1, 1, 1, 1, 1, 1, 1, 1, 0, 1, 0, 0
31EBA30C1B7120EAA23BA23F7DCE3BF5F41D5F4A.apk,1, 1, 1, 0, 1, 0, 1, 0, 1, 1, 1, 0, 1, 1, 0, 1, 1, 0, 0, 0
33230c13dcc066e05daded0641f0af21d624119a5bb8c131ca6d2e21cd8edc1a.apk,1, 1, 1, 1, 1, 0, 1, 0, 1, 1, 0, 0, 1, 0, 1, 1, 0, 0, 0, 0
370FE3D8E9B40702B08A5F93003DE0D3.apk,1, 1, 1, 1, 1, 1, 1, 1, 1, 1, 1, 1, 1, 1, 1, 1, 1, 1, 0, 1
388C84DF0A057321F5BD6DFA9A8F66E6F95D2779.apk,1, 1, 1, 0, 1, 0, 1, 0, 1, 1, 1, 0, 1, 1, 0, 1, 1, 0, 0, 0
39A5BB63F946F2AF6489456A1281B06D.apk,1, 1, 1, 1, 1, 0, 1, 1, 1, 1, 1, 0, 1, 1, 0, 0, 0, 0, 0, 1
3E076979644672A0EF750A4C3226F553_assassins_creed.apk,1, 1, 1, 1, 1, 0, 1, 1, 1, 1, 0, 0, 0, 0, 0, 1, 0, 0, 0, 0
3eea7a9bdeba1c6de34dc79de831784c.apk,1, 1, 0, 0, 0, 0, 1, 0, 1, 0, 0, 0, 1, 0, 0, 0, 0, 0, 0, 0
3F2017A5ACB3E57801E2771341287001.apk,1, 1, 1, 0, 1, 0, 1, 1, 0, 1, 0, 0, 1, 0, 0, 1, 0, 0, 0, 0
4021A1E00B3ABEE730994F1EE17219B4.apk,1, 1, 1, 1, 0, 1, 1, 0, 1, 1, 1, 0, 1, 1, 0, 1, 1, 1, 0, 1
40449A2EC48C3E630B2EB8C8089828CF.apk,1, 1, 1, 0, 1, 0, 1, 1, 0, 1, 0, 0, 1, 0, 0, 1, 0, 0, 0, 0
410C995EBD564A1010ED12108F53CBB2A495D7B4.apk,1, 1, 1, 0, 1, 0, 1, 0, 1, 1, 1, 0, 1, 1, 0, 1, 1, 0, 0, 0
45293E19012648EBB25D84AD259C097F6DAD7C5C.apk,1, 1, 1, 0, 1, 0, 1, 0, 1, 1, 1, 0, 1, 1, 0, 1, 1, 0, 0, 0
4728CDC4D652F6E7682D660CB72E21479E9183A2.apk,1, 1, 1, 0, 1, 0, 0, 0, 1, 1, 0, 0, 1, 1, 0, 1, 1, 0, 0, 0
49DAC3B35AFB2E8D3605C72D0D83F631.apk,1, 1, 1, 1, 1, 0, 1, 0, 1, 1, 0, 0, 0, 0, 0, 1, 0, 0, 0, 0
4b5ef7c8150e764cc0782eab7ca7349c02c78fceb1036ce3064d35037913f5b6.apk,1, 1, 1, 1, 1, 0, 1, 0, 1, 1, 0, 0, 1, 0, 1, 1, 0, 0, 0, 0
4B7450406A38B522E69DE1426604BF7F.apk,1, 1, 1, 1, 0, 1, 1, 0, 0, 0, 1, 0, 0, 0, 0, 0, 0, 0, 0, 0
4D258A710BAB46600DCD56AEB3080CC86C90C03B.apk,1, 1, 1, 0, 1, 0, 1, 0, 1, 1, 1, 0, 1, 1, 0, 1, 1, 0, 0, 0
4FD1194F8127439609319CDBE244C0A7_1074349_370686__BlueArt.apk,1, 1, 1, 0, 0, 1, 0, 0, 0, 0, 0, 0, 0, 0, 0, 0, 0, 0, 0, 0
50C62996453422C438DC1282E646F30233CE6E6E.apk,1, 1, 1, 0, 1, 0, 1, 0, 1, 1, 1, 0, 1, 1, 0, 1, 1, 0, 0, 0
5124795A3537F2F06ABB021D14A74402_com.bktballelite.com.apk,1, 0, 1, 1, 0, 0, 1, 0, 0, 0, 0, 0, 0, 0, 0, 1, 0, 0, 0, 0
542F8F77E101D4E8E5D1EF34A3F0DF1C.apk,1, 1, 1, 1, 1, 0, 1, 0, 1, 1, 0, 0, 0, 0, 0, 1, 0, 0, 0, 0
55d716895ea0934c4a91e1e2cfbd682dec30cb2f.apk,1, 1, 1, 1, 1, 1, 1, 1, 1, 1, 1, 1, 1, 1, 1, 1, 0, 1, 0, 0
55e2a4d0d89bc70e84159385ed9f078c5d7d9947.apk,1, 1, 1, 1, 1, 1, 1, 1, 1, 1, 1, 1, 1, 1, 1, 1, 0, 1, 0, 0
56033daef6a020d8e64729acb103f818.apk,1, 1, 1, 1, 0, 1, 0, 0, 0, 0, 1, 0, 0, 0, 0, 1, 0, 1, 0, 0
561b37c04e92e1a4aadbc51138c787863408a014.apk,1, 1, 1, 1, 1, 1, 1, 1, 1, 1, 1, 1, 1, 1, 1, 1, 0, 1, 0, 0
5622aac15cbc2f04cbf843b6b36864d2_Ackposts.apk,1, 0, 0, 0, 0, 0, 0, 0, 0, 0, 0, 0, 1, 0, 0, 0, 0, 0, 0, 0
564431a34d65836481741ed83d6cb21c9a9bb7ba.apk,1, 1, 1, 1, 1, 1, 1, 1, 1, 1, 1, 1, 1, 1, 1, 1, 0, 1, 0, 0
56b70b6d31dc3315cdd3b448416f2e2704a1ab25.apk,1, 1, 1, 1, 1, 1, 1, 1, 1, 1, 1, 1, 1, 1, 1, 1, 0, 1, 0, 0
571B5082341E75D908FBE5C7A8DB6DFF8A67E650.apk,1, 1, 1, 0, 1, 0, 1, 0, 1, 1, 1, 0, 1, 1, 0, 1, 1, 0, 0, 0
574e59a377b696c4bdfb83d4bef5478891c000e0.apk,1, 1, 1, 1, 1, 1, 1, 1, 1, 1, 1, 1, 1, 1, 1, 1, 0, 1, 0, 0
57e8901381a4e9de94b26f458499c49051b19af2.apk,1, 1, 1, 1, 1, 1, 1, 1, 1, 1, 1, 1, 1, 1, 1, 1, 0, 1, 0, 0
57f21111f6da9fb9a18af88dff688e59e8e24156.apk,1, 1, 1, 1, 1, 1, 1, 1, 1, 1, 1, 1, 1, 1, 1, 1, 0, 1, 0, 0
581cc3af6e73f8a700188655b2b6dcf47a033e86ba8338f781d04061c09c4606.apk,1, 1, 1, 1, 1, 0, 1, 1, 1, 1, 1, 0, 1, 0, 0, 1, 0, 0, 0, 0
58E73A03025BA95337C952223F18F479_1074703_371102__lordssacredheavenlycross.apk,1, 1, 1, 1, 0, 1, 0, 0, 0, 0, 0, 0, 0, 0, 0, 0, 0, 0, 0, 0
598df80d1d5279e3204ef023dd4dbbe08be6bbd9.apk,1, 1, 1, 1, 1, 1, 1, 1, 1, 1, 1, 1, 1, 1, 1, 1, 0, 1, 0, 0
5a37e9dd95ffaaae0c29197d2b45fd2afdf77f05.apk,1, 1, 1, 1, 1, 1, 1, 1, 1, 1, 1, 1, 1, 1, 1, 1, 0, 1, 0, 0
5af738a737ce7ab4005505ab9ca43b08d4e3b503.apk,1, 1, 1, 1, 1, 1, 1, 1, 1, 1, 1, 1, 1, 1, 1, 1, 0, 1, 0, 0
5C2E0C62DEFE686B09F2F9BC369677EC_uranai.apk,1, 1, 1, 0, 0, 0, 0, 0, 0, 0, 0, 1, 1, 1, 1, 0, 0, 0, 0, 0
5c53c9e54294250c0318c35086523449fa917f5c.apk,1, 1, 1, 1, 1, 1, 1, 1, 1, 1, 1, 1, 1, 1, 1, 1, 0, 1, 0, 0
5cd906b76a1c15373bc7a0ed0d24ef69f84b2c28.apk,1, 1, 1, 1, 1, 1, 1, 1, 1, 1, 1, 1, 1, 1, 1, 1, 0, 1, 0, 0
5cddd6f6585b0dff93ce1ecc6d8680e83c61e5b3.apk,1, 1, 1, 1, 1, 1, 1, 1, 1, 1, 1, 1, 1, 1, 1, 1, 0, 1, 0, 0
5d42e63a02548c15801c2da5b16cbcfb33c4230b.apk,1, 1, 1, 1, 1, 1, 1, 1, 1, 1, 1, 1, 1, 1, 1, 1, 0, 1, 0, 0
5e9a4e1bb7fb4c94bceef4cd2af54bddaf1f1c34.apk,1, 1, 1, 1, 1, 1, 1, 1, 1, 1, 1, 1, 1, 1, 1, 1, 0, 1, 0, 0
5f0b8bb59061451a5e45241858c3f8ac62569371.apk,1, 1, 1, 1, 1, 1, 1, 1, 1, 1, 1, 1, 1, 1, 1, 1, 0, 1, 0, 0
5f54f8c613aaed33f12381b3f4f9b2ab-com.astrolog.great.little.war.game.free_085457.apk,1, 0, 0, 0, 1, 0, 0, 1, 1, 1, 0, 0, 0, 0, 0, 0, 0, 0, 0, 0
60761527bdec07e7cf5fc35c8aaccf4de7617649.apk,1, 1, 1, 1, 1, 1, 1, 1, 1, 1, 1, 1, 1, 1, 1, 1, 0, 1, 0, 0
60b1c98fc6ca2b86fbd7c772dc08a73e.apk,1, 0, 0, 0, 0, 0, 1, 0, 0, 0, 0, 0, 0, 0, 1, 0, 0, 0, 0, 0
60b4ef7037ca6a4d1ee7e3c35c8e27d7.apk.apk,1, 1, 0, 1, 1, 0, 1, 1, 1, 1, 0, 0, 1, 1, 0, 0, 0, 0, 0, 0
6107f1f26bcd78b628f80e4531998c4b9444ca77.apk,1, 1, 1, 1, 1, 1, 1, 1, 1, 1, 1, 1, 1, 1, 1, 1, 0, 1, 0, 0
612a3dbb974836b1bbe879c88ce7527d-com.Bag.It_151154.apk,1, 0, 0, 1, 1, 0, 0, 1, 1, 1, 0, 0, 0, 0, 0, 0, 0, 0, 0, 0
613398fef32a47a195ae493c8e635ceab6f4fcbd.apk,1, 1, 1, 1, 1, 1, 1, 1, 1, 1, 1, 1, 1, 1, 1, 1, 0, 1, 0, 0
6214285ed81d3209d4947efe3a2291034877d417.apk,1, 1, 1, 1, 1, 1, 1, 1, 1, 1, 1, 1, 1, 1, 1, 1, 0, 1, 0, 0
6260c6ba44308c0c4610468784b055ad69fa1095.apk,1, 1, 1, 1, 1, 1, 1, 1, 1, 1, 1, 1, 1, 1, 1, 1, 0, 1, 0, 0
62bf7ab29610d47737ce01b9becbf4f56651e367.apk,1, 1, 1, 1, 1, 1, 1, 1, 1, 1, 1, 1, 1, 1, 1, 1, 0, 1, 0, 0
634283bcea6d075b157b76a5f88d23cee733fcb7.apk,1, 1, 1, 1, 1, 1, 1, 1, 1, 1, 1, 1, 1, 1, 1, 1, 0, 1, 0, 0
63616b5ed2253761c3e9aa47bc155a1743ac9a6f.apk,1, 1, 1, 1, 1, 1, 1, 1, 1, 1, 1, 1, 1, 1, 1, 1, 0, 1, 0, 0
637d93c7c4d63b5c5d292c24a4a3ddff0f89cb99.apk,1, 1, 1, 1, 1, 1, 1, 1, 1, 1, 1, 1, 1, 1, 1, 1, 0, 1, 0, 0
6386ea80441002cbfd69fd8ab74b7921d4378abb.apk,1, 1, 1, 1, 1, 1, 1, 1, 1, 1, 1, 1, 1, 1, 1, 1, 0, 1, 0, 0
63e46c5c180d9b83a5866e770df00cadcc746e6a.apk,1, 1, 1, 1, 1, 1, 1, 1, 1, 1, 1, 1, 1, 1, 1, 1, 0, 1, 0, 0
63fc9581928251540df5a811eb20b9024065fcc9.apk,1, 1, 1, 1, 1, 1, 1, 1, 1, 1, 1, 1, 1, 1, 1, 1, 0, 1, 0, 0
6414962b8bdc09247d92c1317a3e0aa31a973de2.apk,1, 1, 1, 1, 1, 1, 1, 1, 1, 1, 1, 1, 1, 1, 1, 1, 0, 1, 0, 0
64a8be553cd05c4ac08738df819f231fc16b4b6c.apk,1, 1, 1, 1, 1, 1, 1, 1, 1, 1, 1, 1, 1, 1, 1, 1, 0, 1, 0, 0
65324abd9ceb8166487d756f474c04ab618b5c30.apk,1, 1, 1, 1, 1, 1, 1, 1, 1, 1, 1, 1, 1, 1, 1, 1, 0, 1, 0, 0
654d374da14a9edb95f85651be60e1888f237b98.apk,1, 1, 1, 1, 1, 1, 1, 1, 1, 1, 1, 1, 1, 1, 1, 1, 0, 1, 0, 0
6594767af663113e6c46d2a3ede5d87ec1d034ee.apk,1, 1, 1, 1, 1, 1, 1, 1, 1, 1, 1, 1, 1, 1, 1, 1, 0, 1, 0, 0
6599cffb03d95b07dafe8e1be726b160d7541c33.apk,1, 1, 1, 1, 1, 1, 1, 1, 1, 1, 1, 1, 1, 1, 1, 1, 0, 1, 0, 0
65C75AF5DE2628BD6215BB99DD76D3AC.apk,1, 1, 1, 0, 0, 1, 1, 0, 1, 0, 1, 0, 0, 0, 0, 0, 0, 1, 0, 1
65d40b7b0e9eda5d5a209f3d34ed93357289dafe.apk,1, 1, 1, 1, 1, 1, 1, 1, 1, 1, 1, 1, 1, 1, 1, 1, 0, 1, 0, 0
661cc12f341af0120fbe74b33a8bc4863cae37b9.apk,1, 1, 1, 1, 1, 1, 1, 1, 1, 1, 1, 1, 1, 1, 1, 1, 0, 1, 0, 0
667a3d0763101b1494c981fbdb9f6f18a41ecabc.apk,1, 1, 1, 1, 1, 1, 1, 1, 1, 1, 1, 1, 1, 1, 1, 1, 0, 1, 0, 0
669f41369d3bfa56439e7fb6ef01a4a36e08729c.apk,1, 1, 1, 1, 1, 1, 1, 1, 1, 1, 1, 1, 1, 1, 1, 1, 0, 1, 0, 0
66C6A88DF66F0C2CF9194C13809FE05A.apk,1, 1, 1, 1, 0, 1, 1, 0, 0, 0, 1, 1, 0, 0, 1, 0, 0, 0, 0, 0
66D3DF032D8C4FED2CBBF88F1293F3E6.apk,1, 1, 1, 1, 0, 1, 0, 0, 0, 0, 0, 0, 0, 0, 0, 0, 0, 0, 0, 0
67235B16BC2FAB6836847EA51703E298.apk,1, 1, 1, 1, 1, 1, 1, 1, 1, 1, 0, 0, 1, 1, 0, 0, 0, 1, 0, 1
6726709a16a54d457a8d4da73cc45bc5295d7168.apk,1, 1, 1, 1, 1, 1, 1, 1, 1, 1, 1, 1, 1, 1, 1, 1, 0, 1, 0, 0
676d73270dfd198a8d7867e1df243dbb9b0e102e.apk,1, 1, 1, 1, 1, 1, 1, 1, 1, 1, 1, 1, 1, 1, 1, 1, 0, 1, 0, 0
67D85DFE26CDA45402CDAC3456D8A863.apk,1, 1, 1, 1, 0, 1, 1, 0, 0, 0, 1, 1, 0, 0, 1, 1, 0, 0, 0, 0
691f71c3cae19547df2a879789cc0b34.apk,1, 1, 0, 0, 0, 0, 1, 0, 0, 0, 0, 0, 0, 0, 0, 0, 0, 0, 0, 0
69B9691A8274A17CDC22E9681B3E1C74.apk,0, 0, 0, 0, 0, 0, 0, 0, 1, 0, 0, 0, 0, 0, 0, 0, 0, 0, 0, 0
69be497da755a8259af5cdeda4ac0c9de67a81e2.apk,1, 1, 1, 1, 1, 1, 1, 1, 1, 1, 1, 1, 1, 1, 1, 1, 0, 1, 0, 0
6A300DED487671EF39388B8D28927A83.apk,1, 1, 1, 1, 1, 0, 1, 0, 1, 1, 0, 0, 0, 0, 0, 1, 0, 0, 0, 0
6b0fa323d01fb7c363c9fcb9948812a1.apk,1, 1, 0, 0, 0, 0, 1, 0, 0, 0, 0, 0, 0, 0, 0, 0, 0, 0, 0, 0
6b26dd8548bad85e2b4bbf2650dc3c5879abc029.apk,1, 1, 1, 1, 1, 1, 1, 1, 1, 1, 1, 1, 1, 1, 1, 1, 0, 1, 0, 0
6BAE149BC65576831AC635A23938BE36_smartphone5-1.apk,1, 1, 1, 1, 1, 1, 1, 1, 1, 1, 0, 1, 1, 1, 1, 0, 0, 0, 0, 0
6bb6b3143790f0870f39e80cd3d6bd78fb3a9a57.apk,1, 1, 1, 1, 1, 1, 1, 1, 1, 1, 1, 1, 1, 1, 1, 1, 0, 1, 0, 0
6C2FB05FA6D7083FBB5587C226C37E05466F9573.apk,1, 1, 1, 0, 1, 0, 1, 0, 1, 1, 1, 0, 1, 1, 0, 1, 1, 0, 0, 0
6c93ef2106647eb9e9322de5d106ae9df6146277.apk,1, 1, 1, 1, 1, 1, 1, 1, 1, 1, 1, 1, 1, 1, 1, 1, 0, 1, 0, 0
6d02439c416349545211e382bc0f27b2383123f1.apk,1, 1, 1, 1, 1, 1, 1, 1, 1, 1, 1, 1, 1, 1, 1, 1, 0, 1, 0, 0
6d43b3bc85770fafeb598eb5297bc341.apk,1, 1, 1, 1, 1, 1, 1, 0, 1, 1, 0, 1, 1, 1, 1, 1, 1, 1, 0, 1
6db96e8a52382fa6f2d3220b592d7ae92f1d78f2.apk,1, 1, 1, 1, 1, 1, 1, 1, 1, 1, 1, 1, 1, 1, 1, 1, 0, 1, 0, 0
6dba2c4cc420d3c43067cd0f8a86e1718f9639cb.apk,1, 1, 1, 1, 1, 1, 1, 1, 1, 1, 1, 1, 1, 1, 1, 1, 0, 1, 0, 0
6dbef6bf711c74227550da5a033a0ae4c4c1c1cb.apk,1, 1, 1, 1, 1, 1, 1, 1, 1, 1, 1, 1, 1, 1, 1, 1, 0, 1, 0, 0
6E93A7F7911B3E9B522BE4B8F950CCA4.apk,1, 1, 1, 1, 1, 0, 1, 0, 1, 1, 0, 0, 0, 0, 0, 1, 0, 0, 0, 0
6FD9C0C65EE41B2E46A246AF0DD93B72460C0089.apk,1, 1, 1, 0, 1, 0, 1, 0, 1, 1, 1, 0, 1, 1, 0, 1, 1, 0, 0, 0
701D57504444344B8D5E79BCABCD3DCA.apk,1, 1, 1, 0, 1, 0, 1, 0, 1, 1, 0, 0, 0, 0, 0, 1, 0, 0, 0, 0
714F062E798DCA9A136B9A7C408846BE90B3CB45.apk,1, 1, 1, 0, 1, 0, 0, 0, 1, 1, 0, 0, 1, 1, 0, 1, 1, 0, 0, 0
7220C948659F9990040C9C20D5FD04EF.apk,1, 1, 1, 0, 0, 1, 1, 0, 0, 0, 1, 0, 0, 0, 0, 0, 0, 0, 0, 0
7276e76298c50d2ee78271cf5114a176.apk,1, 1, 1, 0, 1, 0, 1, 0, 0, 1, 0, 1, 0, 0, 0, 0, 0, 0, 0, 0
727a33c78e4329ee5e1586a13ee867132790e436.apk,1, 1, 1, 1, 1, 1, 1, 1, 1, 1, 1, 1, 1, 1, 1, 1, 0, 1, 0, 0
737395cf1bccbc23531fb109b4a8ee1e8cce26b4.apk,1, 1, 1, 1, 1, 1, 1, 1, 1, 1, 1, 1, 1, 1, 1, 1, 0, 1, 0, 0
73ff558ea62c0835761eced6b292cc930728cf43.apk,1, 1, 1, 1, 1, 1, 1, 1, 1, 1, 1, 1, 1, 1, 1, 1, 0, 1, 0, 0
74333980ae5bafcb25a9031fb46275435cdbba2e.apk,1, 1, 1, 1, 1, 1, 1, 1, 1, 1, 1, 1, 1, 1, 1, 1, 0, 1, 0, 0
749ff6f09b3b6de044ddadf447860b7fd63d8672.apk,1, 1, 1, 1, 1, 1, 1, 1, 1, 1, 1, 1, 1, 1, 1, 1, 0, 1, 0, 0
74d9dc5a2c95e9eaa880ec11a32d9b109794474b.apk,1, 1, 1, 1, 1, 1, 1, 1, 1, 1, 1, 1, 1, 1, 1, 1, 0, 1, 0, 0
74e09c5f57d5a040c86a86cdad7f04fa.apk,1, 1, 0, 0, 0, 0, 0, 0, 1, 1, 0, 0, 0, 0, 0, 0, 0, 0, 0, 0
75459a5009bf08067a1e15ee4e2992c23e00433c.apk,1, 1, 1, 1, 1, 1, 1, 1, 1, 1, 1, 1, 1, 1, 1, 1, 0, 1, 0, 0
75f31fe1a07986080b6a6f4cd2d9347cc72201b4.apk,1, 1, 1, 1, 1, 1, 1, 1, 1, 1, 1, 1, 1, 1, 1, 1, 0, 1, 0, 0
761c6c36d81c1edd9e0645447a4e638d7d88356e.apk,1, 1, 1, 1, 1, 1, 1, 1, 1, 1, 1, 1, 1, 1, 1, 1, 0, 1, 0, 0
766a65fe6d1e4be4551d7d30a1b4539f19991e0e.apk,1, 1, 1, 1, 1, 1, 1, 1, 1, 1, 1, 1, 1, 1, 1, 1, 0, 1, 0, 0
7683D2F01BF49BED435FE7C2F171A844.apk,1, 1, 1, 1, 0, 1, 0, 0, 0, 0, 0, 0, 0, 0, 0, 0, 0, 0, 0, 0
76f3739c16fb978eafde4ebfae105dc8a94731a5.apk,1, 1, 1, 1, 1, 1, 1, 1, 1, 1, 1, 1, 1, 1, 1, 1, 0, 1, 0, 0
780b5f7c07ab98de7d8d07eed781973a415ebc5d.apk,1, 1, 1, 1, 1, 1, 1, 1, 1, 1, 1, 1, 1, 1, 1, 1, 0, 1, 0, 0
780d5124b448249d948a60b43775a424634024ac.apk,1, 1, 1, 1, 1, 1, 1, 1, 1, 1, 1, 1, 1, 1, 1, 1, 0, 1, 0, 0
7828066c4804b6364a6f55b6aff3b657899a9d99.apk,1, 1, 1, 1, 1, 1, 1, 1, 1, 1, 1, 1, 1, 1, 1, 1, 0, 1, 0, 0
792BBB3DDC46E3D0E640D32977434ACA.apk,1, 1, 1, 1, 0, 1, 1, 0, 1, 1, 1, 0, 1, 1, 0, 1, 1, 1, 0, 1
7A99B60349703AED3AB28F498320F247.apk,1, 1, 1, 0, 1, 0, 1, 1, 0, 1, 0, 0, 1, 0, 0, 1, 0, 0, 0, 0
7BE86AC234A1DCE5063F45BCA341337C3CADC450.apk,1, 1, 1, 0, 1, 0, 1, 0, 1, 1, 1, 0, 1, 1, 0, 1, 1, 0, 0, 0
7c0e0b1ca01e97c2f0d043eb0aabe61cae6216f7.apk,1, 1, 1, 1, 1, 1, 1, 1, 1, 1, 1, 1, 1, 1, 1, 1, 0, 1, 0, 0
7C3F693D0B0EA6C6FDBB078E56D7E71FFAF648B8.apk,1, 1, 1, 0, 1, 0, 0, 0, 1, 1, 0, 0, 1, 1, 0, 1, 1, 0, 0, 0
7e939552f5b97a1f58c2202e1ab368f355d35137057ae04e7639fc9c4771af7e.apk,1, 1, 1, 1, 1, 0, 1, 0, 1, 1, 0, 0, 1, 0, 1, 1, 0, 0, 0, 0
7EBA711410F80CD405AD9FD1DC590C4A.apk,1, 1, 1, 1, 0, 1, 0, 0, 0, 0, 0, 0, 0, 0, 0, 0, 0, 0, 0, 0
7ECB7A1FA96E18B85ED10D83537CFD3C_power_battery.apk,1, 1, 0, 1, 1, 1, 1, 1, 1, 1, 0, 1, 1, 0, 1, 0, 0, 1, 0, 0
82B1006A5F45A6D2BAF69544414ADA81.apk,1, 1, 1, 0, 1, 0, 1, 0, 1, 1, 0, 0, 0, 0, 0, 1, 0, 0, 0, 0
82D89319FABD998328CC6D4EFC4DB863.apk,1, 1, 1, 0, 1, 0, 1, 1, 0, 1, 0, 0, 1, 0, 0, 1, 0, 0, 0, 0
83c4aa1deb06060db6fae4e13630ed18c6ebe6babc187443b5f4c265c2ee074f.apk,1, 1, 1, 1, 0, 0, 1, 0, 1, 0, 0, 1, 0, 0, 1, 0, 0, 0, 0, 0
83E56809B1662BE002F4E1C4BCD3AEF90D060D8F.apk,1, 1, 1, 0, 1, 0, 0, 0, 1, 1, 0, 0, 1, 1, 0, 1, 1, 0, 0, 0
856823203A29B767D473BD6C850ED0296CC41A52.apk,1, 1, 1, 0, 1, 0, 1, 0, 1, 1, 1, 0, 1, 1, 0, 1, 1, 0, 0, 0
85CE55DC130F214B0567987EDFF77DC0.apk,1, 1, 1, 0, 0, 0, 0, 0, 0, 0, 0, 0, 0, 0, 0, 0, 0, 0, 0, 0
86BF3FAE93B0AE555584860AB4311BB0.apk,1, 1, 1, 1, 1, 0, 1, 1, 1, 1, 1, 0, 1, 1, 0, 0, 0, 0, 0, 1
88870ad3c7bd42cfe1d728b4a4ccc104.apk,1, 1, 1, 1, 0, 0, 1, 0, 1, 0, 0, 0, 0, 0, 0, 0, 0, 0, 0, 0
88B23B6A5C1B72AEFF2FC42E05C173A7.apk,1, 1, 1, 0, 1, 0, 1, 0, 0, 1, 0, 0, 0, 0, 0, 1, 0, 0, 0, 0
8959513F65BCCA6F16FAEF59AD2D152F.apk,1, 1, 1, 1, 1, 0, 1, 0, 1, 1, 0, 0, 0, 0, 0, 1, 0, 0, 0, 0
8C7C8231DF0D799B12274B8B39C882B8.apk,1, 1, 0, 0, 0, 1, 0, 0, 0, 0, 0, 0, 0, 0, 0, 0, 0, 0, 0, 0
8D0A03981DAA93210E184E7FFF02883C.apk,1, 1, 1, 0, 1, 0, 1, 1, 0, 1, 0, 0, 1, 0, 0, 1, 0, 0, 0, 0
8D52070201F2A81FB1298E133D74057C.apk,1, 1, 1, 1, 0, 1, 1, 0, 0, 0, 1, 1, 0, 0, 1, 1, 0, 0, 0, 0
8D52070201F2A81FB1298E133D74057C.apk.apk,1, 1, 1, 1, 0, 1, 1, 0, 0, 0, 1, 1, 0, 0, 1, 1, 0, 0, 0, 0
8d574d94ba9445979723cfc810637fd84d4c06e1.apk,1, 1, 1, 1, 0, 0, 1, 0, 1, 1, 0, 1, 0, 0, 1, 1, 0, 0, 0, 0
91B59AB5BFA7366A6EADA67103D9598CCF1CFDC5.apk,1, 1, 1, 0, 1, 0, 1, 0, 1, 1, 1, 0, 1, 1, 0, 1, 1, 0, 0, 0
93172b122577979ca41c3be75786fdeefa4b80a6c3df7d821dfecefca1aa6b05.apk,1, 1, 1, 1, 1, 0, 1, 0, 1, 1, 0, 0, 1, 0, 1, 1, 0, 0, 0, 0
93BB6B7934080541985A7BDF0EFE34136C1650D3.apk,1, 1, 1, 0, 1, 0, 1, 0, 1, 1, 1, 0, 1, 1, 0, 1, 1, 0, 0, 0
9762441D52BDEC725EFF6F2F65E721E9.apk,1, 1, 1, 0, 1, 0, 1, 1, 0, 1, 0, 0, 1, 0, 0, 1, 0, 0, 0, 0
9887AF7E945EF3491880AE66FB6B07A2796A6CE2.apk,1, 1, 1, 0, 1, 0, 0, 0, 1, 1, 0, 0, 1, 1, 0, 1, 1, 0, 0, 0
99E42DFA2C847FF0511F7C442999FFAA.apk,1, 1, 1, 1, 0, 1, 1, 0, 0, 0, 1, 0, 0, 0, 0, 0, 0, 0, 0, 0
9C9AFD6B77D8D3A66A2DB2D2CF0B94B3.apk,1, 1, 0, 0, 0, 0, 1, 0, 1, 1, 0, 0, 0, 1, 0, 0, 0, 0, 0, 0
9E36414341E4DBAA113980F7D900E0AC4BAA4103.apk,1, 1, 1, 0, 1, 0, 0, 0, 1, 1, 0, 0, 1, 1, 0, 1, 1, 0, 0, 0
9E9D9A3717EED4D558A3F5EDDB260901.apk,1, 1, 1, 0, 1, 0, 1, 0, 1, 1, 0, 0, 0, 0, 0, 1, 0, 0, 0, 0
9F931499765E85954D468FB63072A29A7E193FF7.apk,1, 1, 1, 0, 1, 0, 1, 0, 1, 1, 1, 0, 1, 1, 0, 1, 1, 0, 0, 0
9FD0480FA11FE7760311F6775D4DCAA6B94BA792.apk,1, 1, 1, 0, 1, 0, 1, 0, 1, 1, 1, 0, 1, 1, 0, 1, 1, 0, 0, 0
A08A1E3AB778C5A83F017FDC22DB181EE1C906E9.apk,1, 1, 1, 0, 1, 0, 1, 0, 1, 1, 1, 0, 1, 1, 0, 1, 1, 0, 0, 0
A1587F10849162156591BE75E705D586AA8EC74D.apk,1, 1, 1, 0, 1, 0, 1, 0, 1, 1, 1, 0, 1, 1, 0, 1, 1, 0, 0, 0
a15b704743f53d3edb9cdd1182ca78d1.apk,1, 1, 1, 0, 1, 0, 1, 0, 1, 1, 0, 1, 0, 0, 0, 0, 0, 0, 0, 0
A18818CB3FB6F189560991CEF6D1F929.apk,1, 1, 1, 0, 1, 0, 1, 1, 0, 1, 0, 0, 1, 0, 0, 1, 0, 0, 0, 0
a22b55aaf5d35e9bbc48914b92a76de1c707aaa2a5f93f50a2885b0ca4f15f01.apk,1, 1, 1, 1, 1, 0, 1, 0, 1, 1, 0, 0, 1, 0, 1, 1, 0, 0, 0, 0
A2895B80515FBC7C1B9EEA3D39A214FC777BDBB2.apk,1, 1, 1, 0, 1, 0, 1, 0, 1, 1, 1, 0, 1, 1, 0, 1, 1, 0, 0, 0
A4D6033F66DA3BE83CBF80724CA013D1.apk,1, 1, 1, 1, 0, 1, 1, 0, 0, 0, 1, 1, 0, 0, 1, 1, 0, 0, 0, 0
A72AA534973EEAF0782A246D502107A3.apk,1, 1, 1, 1, 1, 0, 1, 0, 1, 1, 0, 0, 0, 0, 0, 1, 0, 0, 0, 0
a94cac6df6866df41abde7d4ecf155e684207eedafc06243a21a598a4b658729.apk,1, 1, 1, 1, 1, 0, 1, 0, 1, 1, 0, 0, 1, 0, 1, 1, 0, 0, 0, 0
AA6655B409B647065E19758AE5D242EA.apk,1, 1, 1, 1, 0, 1, 1, 0, 0, 0, 1, 1, 0, 0, 1, 1, 0, 0, 0, 0
aac4d15741abe0ee9b4afe78be090599.apk,1, 1, 1, 0, 1, 0, 1, 0, 0, 1, 0, 1, 0, 0, 0, 0, 0, 0, 0, 0
AD6154BEC63F5FAE6F948AA6697CD087B4B1F60C.apk,1, 1, 1, 0, 1, 0, 0, 0, 1, 1, 0, 0, 1, 1, 0, 1, 1, 0, 0, 0
AdWare.AndroidOS.Mobidash_2CC4C6FBD486903ACF783FEFC018411E.apk,1, 1, 1, 1, 0, 1, 1, 0, 0, 0, 0, 1, 1, 0, 1, 1, 0, 0, 0, 0
AdWare.AndroidOS.Mobidash_788FC58A662D815C3B2B49FAFDB8BDCA.apk,1, 1, 1, 1, 0, 1, 1, 0, 0, 0, 0, 0, 0, 0, 0, 0, 0, 0, 0, 0
AdWare.AndroidOS.Mobidash_8C524CB2AE42F7F01FCBAF0B1FAC9FCC.apk,1, 1, 1, 1, 0, 1, 1, 0, 0, 0, 0, 1, 0, 0, 0, 1, 0, 0, 0, 0
AF7A8D32865E8CAF51A99C52834D4422.apk,1, 1, 1, 0, 1, 0, 1, 1, 0, 1, 0, 0, 1, 0, 0, 1, 0, 0, 0, 0
AFD36FC8ED8A432A44695D29FABA440558A3AF24.apk,1, 1, 1, 0, 1, 0, 1, 0, 1, 1, 1, 0, 1, 1, 0, 1, 1, 0, 0, 0
alfasafe.apk,1, 1, 0, 0, 1, 0, 1, 0, 1, 1, 0, 0, 0, 0, 0, 1, 0, 0, 0, 0
Android.Beita_com.beita.contact_10953B741D166D9E22937FE00FBF1038.apk,1, 0, 0, 1, 0, 0, 0, 0, 0, 0, 0, 0, 1, 0, 0, 0, 1, 0, 0, 0
Android.Core.Defender.apk,1, 0, 1, 0, 0, 0, 1, 0, 0, 0, 0, 0, 0, 0, 0, 0, 0, 0, 0, 0
Android.Hehe_2AF4DE1DF7587FA0035DCEFEDEDAEDAE.apk,1, 1, 1, 1, 1, 1, 0, 1, 1, 1, 1, 1, 1, 1, 1, 1, 1, 1, 0, 0
Android.Hehe_2B41FBFB5087F521BE193D8C1F5EFB4C.apk,1, 1, 1, 1, 1, 1, 0, 1, 1, 1, 1, 1, 1, 1, 1, 1, 1, 1, 0, 0
Android.Hehe_8265041ACA378D37006799975FA471D9.apk,1, 1, 1, 1, 1, 1, 0, 1, 1, 1, 1, 1, 1, 1, 1, 1, 1, 1, 0, 0
Android.Hehe_9507F93D9A64D718682C0871BF354E6F.apk,1, 1, 1, 1, 1, 1, 0, 1, 1, 1, 1, 1, 1, 1, 1, 1, 1, 1, 0, 0
Android.Hehe_AA0ED04426562DF25916FF70258DAF6C.apk,1, 1, 1, 1, 1, 1, 0, 1, 1, 1, 1, 1, 1, 1, 1, 1, 1, 1, 0, 0
Android.Titan.1_40271C85ADE6DB263CE496CD51943518.apk,1, 1, 1, 1, 1, 1, 1, 1, 1, 1, 0, 0, 1, 1, 0, 1, 1, 0, 0, 0
Android.Titan.1_B184ACCCE8313F879253A224998F3054.apk,1, 1, 1, 1, 1, 1, 1, 1, 1, 1, 0, 0, 1, 1, 0, 1, 1, 0, 0, 0
AndroidVibleaker_a707cb76e566321c08b8ba8f5c89cb0cf41125468366f5b8fdad8c6fa526deb4.apk,1, 1, 1, 0, 0, 1, 0, 0, 0, 0, 0, 0, 0, 0, 0, 0, 0, 0, 0, 0
Angry_BirdTransformers_1.1.0.apk,0, 1, 0, 1, 1, 0, 1, 1, 1, 1, 0, 0, 1, 0, 0, 1, 0, 0, 0, 0
apk.apk,1, 1, 1, 0, 0, 0, 0, 0, 1, 1, 0, 0, 0, 0, 0, 0, 0, 0, 0, 0
appinventor.ai_rathiisarun.Ipad2App-92c76500a5126f11e392305424771fac.apk,1, 0, 0, 0, 0, 0, 0, 0, 0, 0, 0, 0, 0, 0, 0, 0, 0, 0, 0, 0
appinventor.ai_rathiisarun.XrayScanner-3e0ff9d85577e7aab8c3ab0771a87eb5.apk,1, 0, 0, 0, 0, 0, 0, 0, 0, 0, 0, 0, 0, 0, 0, 0, 0, 0, 0, 0
appinventor.ai_T10D78.BloonsTD4-1-1.2.apk,1, 0, 0, 0, 0, 0, 0, 0, 0, 0, 0, 0, 0, 0, 0, 0, 0, 0, 0, 0
appinventor.ai_T10D78.CallOfDutyZombies-1-1.3.apk,1, 0, 0, 0, 0, 0, 0, 0, 0, 0, 0, 0, 0, 0, 0, 0, 0, 0, 0, 0
appinventor.ai_T10D78.GangstarRioCityofSaints-1-1.5.apk,1, 0, 0, 0, 0, 0, 0, 0, 0, 0, 0, 0, 0, 0, 0, 0, 0, 0, 0, 0
appinventor.ai_T10D78.GangstarWestCoastHustle-1-1.6.apk,1, 0, 0, 0, 0, 0, 0, 0, 0, 0, 0, 0, 0, 0, 0, 0, 0, 0, 0, 0
appinventor.ai_T10D78.JetpackJoyride-1-1.1.apk,1, 0, 0, 0, 0, 0, 0, 0, 0, 0, 0, 0, 0, 0, 0, 0, 0, 0, 0, 0
appinventor.ai_T10D78.MaddenNFL12-1-1.2.apk,1, 0, 0, 0, 0, 0, 0, 0, 0, 0, 0, 0, 0, 0, 0, 0, 0, 0, 0, 0
appinventor.ai_T10D78.RopenFly-1-1.4.apk,1, 0, 0, 0, 0, 0, 0, 0, 0, 0, 0, 0, 0, 0, 0, 0, 0, 0, 0, 0
appinventor.ai_T10D78.TouchGrind-1-1.5.apk,1, 0, 0, 0, 0, 0, 0, 0, 0, 0, 0, 0, 0, 0, 0, 0, 0, 0, 0, 0
appinventor.ai_T10D78.ZombieHighway-1-1.7.apk,1, 0, 0, 0, 0, 0, 0, 0, 0, 0, 0, 0, 0, 0, 0, 0, 0, 0, 0, 0
B0E22A785041229A644F015472E738BA_1074810_371221__ghostiderfireflamessremixFAMOUS3DAPPS.apk,1, 1, 1, 0, 0, 1, 0, 0, 0, 0, 0, 0, 0, 0, 0, 0, 0, 0, 0, 0
B5BCAB6FE08C9B6229F5D053705DEE9B.apk,1, 1, 1, 0, 0, 1, 1, 0, 1, 0, 1, 1, 1, 0, 1, 0, 0, 0, 0, 0
b9622e587ae28cfff8ffc5645221e422.apk,1, 1, 0, 0, 0, 0, 0, 0, 0, 0, 0, 0, 1, 0, 0, 0, 0, 0, 0, 0
Backflash_A3EB6B30E23146D9D44103ADDC71A41B.apk,1, 1, 1, 1, 1, 1, 1, 0, 1, 1, 0, 0, 1, 1, 0, 1, 0, 1, 0, 1
BC2EEE6F861843EA6FE5A4A14CB44372.apk,1, 1, 1, 0, 0, 0, 1, 0, 0, 0, 0, 1, 0, 0, 1, 1, 0, 0, 0, 0
BEE3746684B072867A5B202BFC5527DD.apk,1, 1, 1, 0, 1, 0, 1, 1, 0, 1, 0, 0, 1, 0, 0, 1, 0, 0, 0, 0
BF7B72DBB2A9155DABC4EDA31D273B92.apk,1, 1, 1, 0, 1, 0, 1, 1, 0, 1, 0, 0, 1, 0, 0, 1, 0, 0, 0, 0
c1f9283b7ad8457160d3c189430f2c75.apk,1, 1, 0, 1, 1, 0, 1, 1, 1, 1, 0, 0, 1, 1, 0, 0, 0, 0, 0, 0
C237CF028E46FD07460C289C3FA46025.apk,1, 1, 1, 1, 1, 0, 1, 1, 1, 1, 1, 0, 1, 1, 0, 0, 0, 0, 0, 1
c2dfe44d9f130033ecd89ba33f8a2e0a.apk,1, 1, 0, 0, 0, 0, 0, 0, 0, 0, 0, 0, 1, 0, 0, 0, 0, 0, 0, 0
C2FBF01ED6E8B348A831FDA0F7C3509B29A2FEE8.apk,1, 1, 1, 0, 1, 0, 1, 0, 1, 1, 1, 0, 1, 1, 0, 1, 1, 0, 0, 0
C424F9AD311F3B55F8DB5DABF6985856_Accutrack.apk,1, 0, 0, 0, 0, 0, 0, 0, 0, 0, 0, 1, 0, 0, 1, 0, 0, 0, 0, 0
c4c4077e9449147d754afd972e247efc.apk,1, 1, 1, 1, 1, 0, 0, 0, 0, 1, 0, 0, 1, 0, 1, 0, 0, 0, 0, 0
C5898A64AFD1A2E21B0898AC8DF68B996AC200CF.apk,1, 1, 1, 0, 1, 0, 1, 0, 1, 1, 1, 0, 1, 1, 0, 1, 1, 0, 0, 0
C971E8425A2F3616222AB1AF552E4AB45FC8AB99.apk,1, 1, 1, 0, 1, 0, 1, 0, 1, 1, 1, 0, 1, 1, 0, 1, 1, 0, 0, 0
CA5680A4EE9D0B6847FE20F297A98D3539FDAF2B.apk,1, 1, 1, 0, 1, 0, 1, 0, 1, 1, 1, 0, 1, 1, 0, 1, 1, 0, 0, 0
Cajino_39581735EE24D54F93C8C51D8C39B506.apk,1, 1, 1, 1, 1, 1, 1, 1, 1, 1, 1, 1, 1, 0, 1, 0, 1, 0, 0, 0
Cajino_9342B4ECBB7EB045EDCDB6E0E339E415.apk,1, 1, 1, 1, 1, 1, 1, 1, 1, 1, 1, 1, 1, 0, 1, 0, 1, 0, 0, 0
carddeemamaAndroid.apk,0, 0, 0, 1, 0, 0, 1, 0, 0, 0, 0, 0, 0, 0, 0, 0, 0, 0, 0, 0
CC881BF76890246559FC83086CFF1A73.apk,1, 1, 1, 1, 0, 1, 0, 0, 0, 0, 0, 0, 0, 0, 0, 0, 0, 0, 0, 0
cce1a35b5fee30883ea3ddca8312109691116cba.apk,1, 1, 1, 1, 1, 1, 1, 1, 1, 1, 1, 1, 1, 1, 1, 1, 0, 1, 0, 0
CE7B9B2242A71BBEAC0B2839B1063013_1074139_370393__NoiseDetectorNonG.apk,1, 1, 1, 0, 0, 1, 1, 0, 0, 0, 0, 0, 0, 0, 0, 1, 0, 0, 0, 0
cenix.android.vbr.apk,1, 1, 1, 1, 0, 0, 0, 0, 1, 0, 0, 0, 0, 0, 0, 0, 0, 0, 0, 0
CFB7E66B2FB605CC94DEBD01238B4995.apk,1, 1, 1, 1, 0, 1, 0, 0, 0, 0, 0, 0, 0, 0, 0, 0, 0, 0, 0, 0
ch.smalltech.ledflashlight.free.apk,1, 1, 1, 1, 0, 0, 0, 0, 1, 0, 0, 0, 0, 0, 0, 0, 0, 0, 0, 0
code4hk.apk,1, 1, 1, 1, 1, 1, 1, 0, 0, 1, 1, 1, 1, 0, 1, 0, 0, 1, 0, 0
com.adobe.air.apk,1, 1, 1, 1, 0, 0, 0, 0, 1, 0, 0, 0, 0, 0, 0, 0, 0, 0, 0, 0
com.adobe.flashplayer.apk,1, 1, 1, 1, 0, 0, 0, 0, 1, 0, 0, 0, 0, 0, 0, 0, 0, 0, 0, 0
com.adobe.reader.apk,1, 1, 1, 1, 0, 0, 0, 0, 1, 0, 0, 0, 0, 0, 0, 0, 0, 0, 0, 0
com.advancedprocessmanager.apk,1, 1, 1, 1, 0, 0, 0, 0, 1, 0, 0, 0, 0, 0, 0, 0, 0, 0, 0, 0
com.android.installer.full.apk,1, 1, 0, 0, 0, 0, 0, 1, 1, 1, 0, 0, 0, 0, 0, 0, 0, 0, 0, 0
com.android.locker.apk,1, 1, 1, 1, 0, 0, 1, 0, 0, 0, 0, 0, 0, 0, 0, 1, 0, 0, 0, 0
com.android.Materialflow.apk,1, 1, 1, 1, 1, 1, 1, 1, 1, 1, 0, 0, 1, 0, 0, 1, 0, 1, 1, 1
com.android.secrettalk-1.apk,1, 1, 0, 1, 1, 0, 1, 0, 0, 1, 0, 0, 1, 0, 0, 0, 0, 0, 0, 0
com.android.Trogoogle.apk,1, 0, 0, 0, 1, 0, 1, 1, 1, 1, 0, 0, 1, 0, 0, 0, 1, 0, 0, 0
com.antivirus.apk,1, 1, 1, 1, 0, 0, 0, 0, 1, 0, 0, 0, 0, 0, 0, 0, 0, 0, 0, 0
com.apksoftware.compass.apk,1, 1, 1, 1, 0, 0, 0, 0, 1, 0, 0, 0, 0, 0, 0, 0, 0, 0, 0, 0
com.app.lotte.auth-1.apk,1, 1, 0, 0, 0, 0, 0, 0, 0, 0, 0, 0, 1, 1, 0, 0, 1, 0, 0, 0
com.appspot.swisscodemonkeys.jokes.apk,1, 1, 1, 1, 0, 0, 0, 0, 1, 0, 0, 0, 0, 0, 0, 0, 0, 0, 0, 0
com.atools.cuttherope-LeNa.b.apk,1, 1, 1, 0, 0, 1, 0, 0, 0, 0, 0, 1, 0, 0, 0, 0, 0, 0, 0, 0
com.bb.iphone.apk,1, 1, 1, 1, 0, 0, 0, 0, 1, 0, 0, 0, 0, 0, 0, 0, 0, 0, 0, 0
com.c101421042723.apk,1, 1, 1, 1, 1, 1, 0, 0, 1, 1, 0, 0, 0, 0, 0, 0, 0, 0, 0, 0
com.christmasgame.balloon.apk,1, 1, 1, 0, 0, 0, 0, 0, 0, 0, 0, 0, 0, 0, 0, 1, 0, 0, 0, 0
com.christmasgame.wildjump.apk,1, 1, 1, 0, 0, 0, 0, 0, 0, 0, 0, 0, 0, 0, 0, 1, 0, 0, 0, 0
com.cootek.smartinputv5.apk,1, 1, 1, 1, 0, 0, 0, 0, 1, 0, 0, 0, 0, 0, 0, 0, 0, 0, 0, 0
com.Cut.the.Rope_151207.apk,1, 0, 0, 1, 1, 0, 0, 1, 1, 1, 0, 0, 0, 0, 0, 0, 0, 0, 0, 0
com.devuni.flashlight.apk,1, 1, 1, 1, 0, 0, 0, 0, 1, 0, 0, 0, 0, 0, 0, 0, 0, 0, 0, 0
com.droidmojo.awesomejokes.apk,1, 1, 1, 0, 0, 0, 0, 0, 1, 0, 0, 0, 0, 0, 0, 0, 0, 0, 0, 0
com.dropbox.android.apk,1, 1, 1, 1, 0, 0, 0, 0, 1, 0, 0, 0, 0, 0, 0, 0, 0, 0, 0, 0
com.ebay.mobile.apk,1, 1, 1, 1, 0, 0, 0, 0, 1, 0, 0, 0, 0, 0, 0, 0, 0, 0, 0, 0
com.estrongs.android.pop.apk,1, 1, 1, 1, 0, 0, 0, 0, 1, 0, 0, 0, 0, 0, 0, 0, 0, 0, 0, 0
com.evernote.skitch.apk,1, 1, 1, 1, 0, 0, 0, 0, 1, 0, 0, 0, 0, 0, 0, 0, 0, 0, 0, 0
com.facebook.katana.apk,1, 1, 1, 1, 0, 0, 0, 0, 1, 0, 0, 0, 0, 0, 0, 0, 0, 0, 0, 0
com.facebook.orca.apk,1, 1, 1, 1, 0, 0, 0, 0, 1, 0, 0, 0, 0, 0, 0, 0, 0, 0, 0, 0
com.fede.launcher.apk,1, 1, 1, 1, 0, 0, 0, 0, 1, 0, 0, 0, 0, 0, 0, 0, 0, 0, 0, 0
com.flashlightcompass.wedoourbest.apk,1, 1, 1, 1, 0, 1, 1, 0, 0, 0, 1, 1, 1, 0, 1, 1, 0, 0, 0, 0
com.gau.go.launcherex.gowidget.taskmanager.apk,1, 1, 1, 1, 0, 0, 0, 0, 1, 0, 0, 0, 0, 0, 0, 0, 0, 0, 0, 0
com.gau.go.launcherex.theme.iphoneazooz.apk,1, 1, 1, 1, 0, 0, 0, 0, 1, 0, 0, 0, 0, 0, 0, 0, 0, 0, 0, 0
com.google.android.apps.plus.apk,1, 1, 1, 1, 0, 0, 0, 0, 1, 0, 0, 0, 0, 0, 0, 0, 0, 0, 0, 0
com.google.android.street.apk,1, 1, 1, 1, 0, 0, 0, 0, 1, 0, 0, 0, 0, 0, 0, 0, 0, 0, 0, 0
com.google.android.voicesearch.apk,1, 1, 1, 1, 0, 0, 0, 0, 1, 0, 0, 0, 0, 0, 0, 0, 0, 0, 0, 0
com.google.android.youtube.apk,1, 1, 1, 1, 0, 0, 0, 0, 1, 0, 0, 0, 0, 0, 0, 0, 0, 0, 0, 0
com.google.zxing.client.android.apk,1, 1, 1, 1, 0, 0, 0, 0, 1, 0, 0, 0, 0, 0, 0, 0, 0, 0, 0, 0
com.hm.apk,1, 1, 1, 1, 0, 0, 0, 0, 1, 0, 0, 0, 0, 0, 0, 0, 0, 0, 0, 0
com.icq.mobile.client.apk,1, 1, 1, 1, 0, 0, 0, 0, 1, 0, 0, 0, 0, 0, 0, 0, 0, 0, 0, 0
com.incredibleapp.wallpapershd.apk,1, 1, 1, 1, 0, 0, 0, 0, 1, 0, 0, 0, 0, 0, 0, 0, 0, 0, 0, 0
com.intsig.camscanner.apk,1, 1, 1, 1, 0, 0, 0, 0, 1, 0, 0, 0, 0, 0, 0, 0, 0, 0, 0, 0
com.jb.gosms.apk,1, 1, 1, 1, 0, 0, 0, 0, 1, 0, 0, 0, 0, 0, 0, 0, 0, 0, 0, 0
com.jiubang.goscreenlock.apk,1, 1, 1, 1, 0, 0, 0, 0, 1, 0, 0, 0, 0, 0, 0, 0, 0, 0, 0, 0
com.keloidscaretissue.QuxiFlashlisht.apk,1, 1, 1, 1, 0, 1, 1, 0, 0, 0, 1, 1, 1, 0, 1, 1, 0, 0, 0, 0
com.lovekamasutra.ikamasutralite.apk,1, 1, 1, 1, 0, 0, 0, 0, 1, 0, 0, 0, 0, 0, 0, 0, 0, 0, 0, 0
com.mediawoz.gotq.apk,1, 1, 1, 1, 1, 1, 1, 1, 1, 1, 1, 1, 0, 0, 1, 0, 0, 0, 1, 0
com.melodis.midomiMusicIdentifier.apk,1, 1, 1, 1, 0, 1, 0, 0, 0, 0, 1, 1, 0, 0, 1, 1, 0, 0, 0, 0
com.metago.astro.apk,1, 1, 1, 1, 0, 0, 0, 0, 1, 0, 0, 0, 0, 0, 0, 0, 0, 0, 0, 0
com.mxtech.videoplayer.ad.apk,1, 1, 1, 1, 0, 0, 0, 0, 1, 0, 0, 0, 0, 0, 0, 0, 0, 0, 0, 0
com.netbiscuits.kicker.apk,1, 1, 1, 1, 0, 0, 0, 0, 1, 0, 0, 0, 0, 0, 0, 0, 0, 0, 0, 0
com.nnew.GTAHDBackground.apk,1, 0, 0, 1, 0, 0, 0, 0, 0, 0, 0, 0, 0, 0, 0, 0, 0, 0, 0, 0
com.onlygoodcompass.wedoourbest.apk,1, 1, 1, 1, 0, 1, 1, 0, 0, 0, 1, 1, 1, 0, 1, 1, 0, 0, 0, 0
com.opera.browser.apk,1, 1, 1, 1, 0, 0, 0, 0, 1, 0, 0, 0, 0, 0, 0, 0, 0, 0, 0, 0
com.outfit7.talkingben.apk,1, 1, 1, 1, 0, 0, 0, 0, 1, 0, 0, 0, 0, 0, 0, 0, 0, 0, 0, 0
com.outfit7.talkingsantafree.apk,1, 1, 1, 1, 0, 0, 0, 0, 1, 0, 0, 0, 0, 0, 0, 0, 0, 0, 0, 0
com.parental.control.v4.apk,1, 1, 1, 1, 1, 0, 1, 1, 1, 1, 0, 0, 1, 1, 1, 1, 0, 0, 0, 0
com.piviandco.fatbooth.apk,1, 1, 1, 1, 0, 0, 0, 0, 1, 0, 0, 0, 0, 0, 0, 0, 0, 0, 0, 0
com.qq.assistant.apk,1, 1, 1, 0, 1, 0, 1, 1, 1, 1, 0, 0, 0, 0, 0, 0, 0, 0, 0, 0
com.rechild.advancedtaskkiller.apk,1, 1, 1, 1, 0, 0, 0, 0, 1, 0, 0, 0, 0, 0, 0, 0, 0, 0, 0, 0
com.redmicapps.puzzles.ladies3.apk,1, 1, 1, 1, 0, 1, 0, 0, 0, 0, 0, 0, 0, 0, 0, 0, 0, 0, 0, 0
com.rovio.new.ads-LeNa.c.apk,1, 1, 1, 1, 0, 1, 0, 0, 0, 0, 0, 1, 0, 0, 0, 0, 0, 0, 0, 0
com.saavn.android.apk,1, 1, 1, 0, 0, 0, 1, 1, 0, 0, 1, 0, 0, 0, 1, 1, 0, 0, 0, 0
com.samsungmobileusa.magnacarta.apk,1, 1, 1, 1, 0, 1, 1, 0, 0, 0, 1, 1, 0, 0, 1, 1, 0, 0, 0, 0
com.security.patch.apk,1, 0, 1, 0, 0, 0, 1, 0, 0, 0, 0, 0, 0, 0, 0, 0, 0, 0, 0, 0
com.splunchy.android.alarmclock.apk,1, 1, 1, 1, 0, 0, 0, 0, 1, 0, 0, 0, 0, 0, 0, 0, 0, 0, 0, 0
com.starfinanz.smob.android.sfinanzstatus.apk,1, 1, 1, 1, 0, 0, 0, 0, 1, 0, 0, 0, 0, 0, 0, 0, 0, 0, 0, 0
com.vlcdirect.vlcdirect.apk,1, 1, 1, 1, 0, 0, 0, 0, 1, 0, 0, 0, 0, 0, 0, 0, 0, 0, 0, 0
com.VoiceChange.VoiceChangeIL-1.4.apk,0, 0, 0, 0, 0, 0, 0, 0, 0, 0, 0, 0, 1, 1, 0, 0, 0, 0, 0, 0
com.watchtv.apk,1, 1, 1, 1, 0, 0, 0, 0, 1, 0, 0, 0, 0, 0, 0, 0, 0, 0, 0, 0
com.wetter.androidclient.apk,1, 1, 1, 1, 0, 0, 0, 0, 1, 0, 0, 0, 0, 0, 0, 0, 0, 0, 0, 0
com.whatsapp.apk,1, 1, 1, 1, 0, 0, 0, 0, 1, 0, 0, 0, 0, 0, 0, 0, 0, 0, 0, 0
com.World.Goo_151215.apk,1, 0, 0, 1, 1, 0, 0, 1, 1, 1, 0, 0, 0, 0, 0, 0, 0, 0, 0, 0
copy9_23.apk,1, 1, 0, 1, 1, 0, 1, 1, 0, 1, 1, 1, 1, 1, 1, 1, 1, 0, 0, 0
ctm.apk,1, 1, 0, 0, 0, 0, 0, 0, 0, 0, 1, 1, 0, 0, 1, 1, 0, 0, 0, 0
d.apk,1, 0, 1, 0, 0, 0, 0, 0, 0, 0, 0, 0, 0, 0, 0, 0, 0, 0, 0, 0
d082ec8619e176467ce8b8a62c2d2866d611d426dd413634f6f5f5926c451850.apk,1, 1, 1, 1, 1, 0, 1, 0, 1, 1, 0, 0, 1, 0, 1, 1, 0, 0, 0, 0
D0A6BA40E05047DC2CFF12935C4CF4FB.apk,1, 1, 1, 1, 1, 0, 1, 0, 1, 1, 0, 0, 0, 0, 0, 1, 0, 0, 0, 0
D1C5F6889A09CB05BFEC4045A50D73F5F5FE7783.apk,1, 1, 1, 0, 1, 0, 1, 0, 1, 1, 1, 0, 1, 1, 0, 1, 1, 0, 0, 0
d20cb0bb5d87bfc8394bda0d8964d663.apk,1, 1, 0, 1, 0, 0, 0, 0, 1, 0, 0, 0, 0, 0, 0, 0, 0, 0, 0, 0
D33B718737DE5AA685672A2004E0FA3C.apk,1, 1, 1, 1, 1, 0, 1, 0, 1, 1, 0, 0, 0, 0, 0, 1, 0, 0, 0, 0
D3F3B28C00BD903DFC270FBDF457FA10C.apk,1, 1, 1, 1, 0, 1, 0, 0, 0, 0, 0, 0, 0, 0, 0, 0, 0, 0, 0, 0
D46D478EE483D481806FFDD7122E2DE9AC8467DE.apk,1, 1, 1, 0, 1, 0, 1, 0, 1, 1, 1, 0, 1, 1, 0, 1, 1, 0, 0, 0
d4fc8ae95d8385bd46f9c75f7e7d435c84bafc6cf724b5f0b8ffbebd571de5b6.apk,1, 1, 1, 1, 0, 0, 1, 0, 1, 0, 0, 1, 0, 0, 1, 0, 0, 0, 0, 0
D553185A2F581E4B71AD80924F4D2E2D7D19BB97.apk,1, 1, 1, 0, 1, 0, 1, 0, 1, 1, 1, 0, 1, 1, 0, 1, 1, 0, 0, 0
D67A07E3DE88C0130420588FD158B967_1074808_371217__eyeseeyouSAMSUNG.apk,1, 1, 1, 0, 0, 1, 0, 0, 0, 0, 0, 0, 0, 0, 0, 0, 0, 0, 0, 0
D70296D3DC4937DEDD44F93BB3B74034.apk,1, 1, 1, 0, 1, 0, 1, 1, 0, 1, 0, 0, 1, 0, 0, 1, 0, 0, 0, 0
D73D54F6F86C58030477CC9A96EEDB85.apk,1, 1, 1, 0, 1, 0, 1, 1, 0, 1, 0, 0, 1, 0, 0, 1, 0, 0, 0, 0
D770BAE185476523649A5768B7BBE7F7605656AB.apk,1, 1, 1, 0, 1, 0, 1, 0, 1, 0, 1, 0, 1, 1, 0, 1, 1, 0, 0, 0
D83D833092A4FA5ECC436D4246C2F7CE.apk,1, 1, 1, 0, 1, 0, 1, 0, 1, 1, 0, 0, 0, 0, 0, 1, 0, 0, 0, 0
D84FF5A7E7C0C33DCFA237299869BC34.apk,1, 1, 1, 0, 1, 0, 1, 1, 0, 1, 0, 0, 1, 0, 0, 1, 0, 0, 0, 0
DA222D4B7993A62665B9EAEF10C1846F.apk,1, 1, 1, 1, 1, 0, 1, 0, 1, 1, 0, 0, 0, 0, 0, 1, 0, 0, 0, 0
DBA6B4BBF61E054FB978ACAF70C3D849.apk,1, 1, 1, 0, 1, 0, 1, 1, 0, 1, 0, 0, 1, 0, 0, 1, 0, 0, 0, 0
DCABC0DD585BB4D918AB6B7B062D50C222E94709.apk,1, 1, 1, 0, 1, 0, 1, 0, 1, 1, 1, 0, 1, 1, 0, 1, 1, 0, 0, 0
de.blitzer.apk,1, 1, 1, 1, 0, 0, 0, 0, 1, 0, 0, 0, 0, 0, 0, 0, 0, 0, 0, 0
de.cellular.tagesschau.apk,1, 1, 1, 1, 0, 0, 0, 0, 1, 0, 0, 0, 0, 0, 0, 0, 0, 0, 0, 0
de.dasoertliche.android.apk,1, 1, 1, 1, 0, 0, 0, 0, 1, 0, 0, 0, 0, 0, 0, 0, 0, 0, 0, 0
de.frauentausch.andreas.apk,1, 1, 1, 1, 0, 0, 0, 0, 1, 0, 0, 0, 0, 0, 0, 0, 0, 0, 0, 0
de.hafas.android.db.apk,1, 1, 1, 1, 0, 0, 0, 0, 1, 0, 0, 0, 0, 0, 0, 0, 0, 0, 0, 0
de.is24.android.apk,1, 1, 1, 1, 0, 0, 0, 0, 1, 0, 0, 0, 0, 0, 0, 0, 0, 0, 0, 0
de.kaufda.android.apk,1, 1, 1, 1, 0, 0, 0, 0, 1, 0, 0, 0, 0, 0, 0, 0, 0, 0, 0, 0
de.mehrmannd.sdbooster-GAMEX.apk,0, 0, 0, 1, 0, 0, 1, 0, 0, 0, 0, 0, 0, 0, 0, 0, 0, 0, 0, 0
de.tvspielfilm.apk,1, 1, 1, 1, 0, 0, 0, 0, 1, 0, 0, 0, 0, 0, 0, 0, 0, 0, 0, 0
de.wutprobe211.de.apk,1, 1, 1, 1, 0, 0, 0, 0, 1, 0, 0, 0, 0, 0, 0, 0, 0, 0, 0, 0
DE585C41B3236ED3BF29298A0732876A947BE47F.apk,1, 1, 1, 0, 1, 0, 1, 0, 1, 1, 1, 0, 1, 1, 0, 1, 1, 0, 0, 0
DE5BFA8715DAC2E29E206C19CA98F2F4_1074141_370394__JingleBellNonG.apk,1, 1, 1, 0, 0, 1, 1, 0, 0, 0, 1, 0, 0, 0, 0, 1, 0, 0, 0, 0
DF473E3D789C63BAE99828044DA74500.apk,1, 1, 1, 1, 0, 1, 1, 0, 0, 0, 1, 1, 0, 0, 1, 1, 0, 0, 0, 0
dfda8e52df5ba1852d518220363f81a06f51910397627df6cdde98d15948de65.apk,1, 1, 1, 1, 1, 0, 1, 0, 1, 1, 0, 0, 1, 0, 1, 1, 0, 0, 0, 0
dtm.apk,1, 1, 0, 0, 0, 0, 1, 0, 0, 0, 1, 1, 0, 0, 1, 1, 0, 0, 0, 0
E1064BFD836E4C895B569B2DE4700284.apk,1, 1, 1, 1, 1, 1, 1, 1, 1, 1, 0, 0, 1, 1, 0, 1, 0, 1, 0, 0
E4BE39E5955FD3BD7AC97F58E66EF3E5.apk,1, 1, 1, 0, 0, 1, 0, 0, 0, 0, 0, 0, 0, 0, 0, 0, 0, 0, 0, 0
E625902B39DFA649F0FCD732E9680226B2113AB6.apk,1, 1, 1, 0, 1, 0, 1, 0, 1, 1, 1, 0, 1, 1, 0, 1, 1, 0, 0, 0
E6FE44B2F20AFF67EADECFAA85EF729834B3FB13.apk,1, 1, 1, 0, 1, 0, 1, 0, 1, 1, 1, 0, 1, 1, 0, 1, 1, 0, 0, 0
E75A226995CA04152B0007C96A675989.apk,1, 1, 1, 1, 0, 1, 0, 0, 0, 0, 0, 0, 0, 0, 0, 0, 0, 1, 0, 0
E7F0656486EEBFD9AB236451FD980BD4.apk,1, 1, 1, 1, 0, 1, 1, 0, 0, 0, 1, 0, 0, 0, 0, 0, 0, 0, 0, 0
E8063DE12976D371441F15F2C5715627.apk,1, 1, 1, 1, 0, 1, 1, 0, 0, 0, 1, 0, 0, 0, 0, 0, 0, 0, 0, 0
e8237a583fe7b2362b4addf01518600b.apk,1, 1, 0, 0, 0, 0, 0, 0, 0, 0, 0, 0, 1, 0, 0, 0, 0, 0, 0, 0
E8F84AD2731E303659F9864323FD814412033BC1.apk,1, 1, 1, 0, 1, 0, 1, 0, 1, 1, 1, 0, 1, 1, 0, 1, 1, 0, 0, 0
e905d9d4bc59104cfd3fc50c167e0d8b20e4bd40628ad01b701a515dd4311449.apk,1, 1, 1, 1, 1, 0, 1, 0, 1, 1, 0, 0, 1, 0, 1, 1, 0, 0, 0, 0
E911DF33F1D156B3309A4AC220C52070.apk,1, 1, 1, 0, 1, 0, 1, 1, 0, 1, 0, 0, 1, 0, 0, 1, 0, 0, 0, 0
EB655DEDA3A33D829A4DD617358C10D029A4B0F0.apk,1, 1, 1, 0, 1, 0, 0, 0, 1, 1, 0, 0, 1, 1, 0, 1, 1, 0, 0, 0
ED73B2FE3F5F726F029961434A8C599A91011564.apk,1, 1, 1, 0, 1, 0, 1, 0, 1, 1, 1, 0, 1, 1, 0, 1, 1, 0, 0, 0
EF15F1705B83C575CC8AA716D4695C073C23B5CF.apk,1, 1, 1, 0, 1, 0, 1, 0, 1, 1, 1, 0, 1, 1, 0, 1, 1, 0, 0, 0
EF5C9B15755719597481C501F6B603CE.apk,1, 1, 1, 1, 1, 0, 1, 0, 1, 1, 0, 0, 0, 0, 0, 1, 0, 0, 0, 0
Extension.2nd.stage.apk,1, 1, 1, 1, 1, 1, 1, 0, 1, 1, 0, 1, 1, 1, 1, 1, 1, 1, 0, 1
F134FC245E50F031ED8B4FAE3F1D4EB0.apk,1, 1, 1, 1, 0, 1, 1, 0, 0, 0, 1, 1, 0, 1, 1, 1, 0, 0, 0, 0
F1AA24C1641471F5FBEF08AE56A53FB4.apk,1, 1, 1, 1, 0, 1, 1, 0, 0, 0, 1, 1, 0, 0, 1, 1, 0, 0, 0, 0
F1C8A3337CBD56E01E478774F5D55278.apk,1, 1, 1, 1, 1, 0, 1, 0, 1, 1, 0, 0, 0, 0, 0, 1, 0, 0, 0, 0
f2cfbc2f836f3065d5706b9f49f55bbd9c1dae2073a606c8ee01e4bbd223f29f.apk,1, 1, 1, 1, 1, 0, 1, 0, 1, 1, 0, 0, 1, 0, 1, 1, 0, 0, 0, 0
F36DD6A0858DFBEFD860A81EB76A07E7BF01A6F6.apk,1, 1, 1, 0, 1, 0, 1, 0, 1, 1, 1, 0, 1, 1, 0, 1, 1, 0, 0, 0
F3C1FD573943C0481991A1AEEDDF74FDA84490C5.apk,1, 1, 1, 0, 1, 0, 1, 0, 1, 1, 1, 0, 1, 1, 0, 1, 1, 0, 0, 0
F3F8BD1F7EDCEE5C60B303EABD1B9591B7264C07.apk,1, 1, 1, 0, 1, 0, 1, 0, 1, 1, 1, 0, 1, 1, 0, 1, 1, 0, 0, 0
F4B8D64AF0A53472901B50621F19D6BF.apk,1, 1, 1, 1, 1, 0, 1, 0, 1, 1, 0, 0, 0, 0, 0, 1, 0, 0, 0, 0
F53332B0F1B01D0DD282346C4E69DA964EDD137D.apk,1, 1, 1, 0, 1, 0, 0, 0, 1, 1, 0, 0, 1, 1, 0, 1, 1, 0, 0, 0
F59087BFA5A0211AA75C4BE2AF9DEE10.apk,1, 1, 1, 0, 1, 1, 1, 1, 1, 1, 0, 1, 1, 1, 1, 1, 1, 1, 0, 0
F7BE25E4F19A3A82D2E206DE8AC979C8.apk,1, 1, 1, 1, 1, 1, 1, 1, 1, 1, 0, 0, 1, 1, 0, 1, 0, 1, 0, 0
F82277861171FA1FE4C956B274FBD2D7_rans.apk,1, 1, 1, 1, 0, 0, 1, 0, 1, 0, 0, 0, 0, 1, 0, 1, 0, 0, 0, 0
F836F5C6267F13BF9F6109A6B8D79175.apk,1, 1, 1, 1, 1, 0, 1, 0, 1, 1, 0, 0, 1, 0, 0, 1, 0, 0, 0, 0
F836F5C6267F13BF9F6109A6B8D79175_fbi.apk,1, 1, 1, 1, 1, 0, 1, 0, 1, 1, 0, 0, 1, 0, 0, 1, 0, 0, 0, 0
Fake-GPS_v5.3pakage.apk,1, 0, 1, 1, 0, 0, 0, 0, 0, 0, 1, 1, 0, 0, 1, 1, 0, 0, 0, 0
Fake-Money-Scanner_v1.0pakage.apk,1, 0, 1, 1, 0, 1, 0, 0, 0, 0, 0, 0, 0, 0, 0, 0, 0, 0, 0, 0
FAKEAV.apk,1, 1, 1, 1, 1, 1, 1, 1, 0, 0, 1, 1, 1, 0, 1, 1, 1, 1, 0, 1
fakeAV_148B76C664F2854E2947AF01160FFA99_LabelReader.apk,1, 1, 1, 1, 0, 0, 1, 0, 0, 1, 1, 0, 1, 1, 0, 0, 0, 0, 0, 0
fakeAV_1CA532F171A0B765A46AF995EBAAB1D2_LabelReader.apk,1, 1, 1, 1, 0, 0, 1, 0, 0, 1, 1, 0, 1, 1, 0, 0, 0, 0, 0, 0
fakeAV_1E178E501B41659FFACE85153615DEA7_LabelReader.apk,1, 1, 1, 1, 0, 0, 1, 0, 0, 1, 1, 0, 1, 1, 0, 0, 0, 0, 0, 0
fakeAV_6F237D25472D9D09FC44ECE7DC9CED92_LabelReader.apk,1, 1, 1, 1, 0, 0, 1, 0, 0, 1, 1, 0, 1, 1, 0, 0, 0, 0, 0, 0
fakeAV_75B8F9DBB1CD79B7FC074F7F499150CF_LabelReader.apk,1, 1, 1, 1, 0, 0, 1, 0, 0, 1, 1, 0, 1, 1, 0, 0, 0, 0, 0, 0
fakeAV_77BB7F86FB0AC66C97B1AB3573ADFFC1_LabelReader.apk,1, 1, 1, 1, 0, 0, 1, 0, 0, 1, 1, 0, 1, 1, 0, 0, 0, 0, 0, 0
fakeAV_ED1E0689F93B0C57E403489BB5338F59_LabelReader.apk,1, 1, 1, 1, 0, 0, 1, 0, 0, 1, 1, 0, 1, 1, 0, 0, 0, 0, 0, 0
Fakebanker_37DFF309CC911A1DC16CCE4E51F9827B.apk,1, 1, 1, 1, 1, 0, 1, 1, 1, 1, 0, 0, 1, 0, 0, 1, 1, 0, 0, 0
Fakebanker_67E7BB573EAA1F25772809A471CDA327.apk,1, 1, 1, 1, 1, 0, 1, 1, 1, 1, 0, 0, 1, 0, 0, 1, 1, 0, 0, 0
Fakebank_8BF10991F292EC7D165086506E8F0EDA.apk,1, 1, 0, 1, 1, 0, 1, 0, 1, 1, 0, 0, 1, 0, 0, 0, 0, 0, 0, 0
Fakebank_98EEA1D94A479E022E46D69B0FBE2453.apk,1, 1, 0, 1, 1, 0, 1, 0, 1, 1, 0, 0, 1, 0, 0, 0, 0, 0, 0, 0
Fakebank_A0721023EC39948251818306A15D3268.apk,1, 1, 0, 1, 1, 0, 1, 0, 1, 1, 0, 0, 1, 0, 0, 0, 0, 0, 0, 0
Fakemart_27CFDF25ECAE75342A21230D19151939.apk,1, 1, 1, 0, 1, 0, 0, 1, 1, 1, 0, 0, 0, 0, 0, 0, 0, 0, 0, 0
Fakemart_6A0E9CE340164AF6F37A946DF650B458.apk,1, 1, 1, 0, 1, 0, 0, 1, 1, 1, 0, 0, 0, 0, 0, 0, 0, 0, 0, 0
Fakemart_D002F0581A862373AA6C6C0070EC3156.apk,1, 1, 1, 0, 1, 0, 0, 1, 1, 1, 0, 0, 0, 0, 0, 0, 0, 0, 0, 0
FakenotifyB_11C73BC8590E278FC03C3E3EC6AAAD4A.apk,1, 1, 1, 0, 0, 0, 0, 0, 1, 0, 0, 0, 0, 0, 0, 0, 0, 0, 0, 0
FakeSMSInstaller_Geared_1.0.2.apk,0, 0, 0, 0, 0, 0, 0, 0, 1, 0, 0, 0, 0, 0, 0, 0, 0, 0, 0, 0
FB9FEFFB1FEF13C4A5E42ACE20183912_1074813_371228__SaveTenDollar.apk,1, 0, 1, 0, 0, 0, 0, 0, 0, 0, 0, 0, 0, 0, 0, 0, 0, 0, 0, 0
FBI_ransomlocker_645A60E6F4393E4B7E2AE16758DD3A11.apk,1, 1, 1, 1, 0, 0, 1, 0, 0, 0, 0, 0, 0, 0, 0, 1, 0, 0, 0, 0
FCB4EF63F1D8A3A044AC6F8A7C262546.apk,1, 1, 1, 0, 1, 0, 1, 1, 0, 1, 0, 0, 1, 0, 0, 1, 0, 0, 0, 0
fe0e760fbe30b16ddc94ed71d18890d3a0aaec667889184dbcf30f5009ee96e8.apk,1, 1, 1, 1, 1, 0, 1, 1, 1, 1, 1, 0, 1, 0, 0, 1, 0, 0, 0, 0
FEE6F3AB17688600E0E15AED1489D9AE.apk,1, 1, 1, 1, 0, 1, 1, 0, 0, 0, 1, 1, 0, 0, 1, 1, 0, 0, 0, 0
FF844A8BB40DA72B5C9F3A8C3CDA7C9D051921E6.apk,1, 1, 1, 0, 1, 0, 0, 0, 1, 1, 0, 0, 1, 1, 0, 1, 1, 0, 0, 0
flashplayer.android.update.apk,1, 1, 1, 1, 0, 0, 1, 0, 1, 1, 0, 0, 1, 1, 0, 0, 0, 0, 0, 0
Godless_44E81BE6F7242BE77582671D6A11DE7E33D19ACA.apk,1, 1, 1, 1, 0, 1, 1, 0, 0, 0, 0, 1, 0, 0, 1, 1, 0, 1, 0, 0
Godless_50450EA11268C09350AAB57D3DE43A4D5004B3A1.apk,1, 1, 1, 1, 0, 1, 1, 0, 0, 0, 0, 1, 0, 0, 1, 1, 0, 1, 0, 0
Godless_57795C32F75A02A68B9A8ACB5820EB039C083A16.apk,1, 1, 1, 1, 0, 1, 1, 0, 0, 0, 1, 1, 0, 0, 1, 1, 0, 0, 0, 0
Godless_5900FABBE36E71933B3C739EC62BA89AC15F5453.apk,1, 0, 1, 1, 0, 0, 0, 0, 0, 0, 1, 0, 0, 0, 0, 0, 0, 0, 0, 0
Godless_5D2A08D7C1F665EA3AFFA7F9607601FFAE387E8B.apk,1, 1, 1, 1, 0, 1, 0, 0, 0, 0, 0, 0, 0, 0, 0, 0, 0, 1, 0, 0
Godless_7EBDD80761813DA708BAD3325B098DAC9FA6E4F5.apk,1, 1, 1, 1, 0, 1, 1, 0, 0, 0, 0, 0, 0, 0, 0, 0, 0, 1, 0, 0
Godless_84C444A742B616BC95C58A85C5C483412E327C50.apk,1, 1, 1, 1, 0, 1, 1, 0, 0, 0, 0, 1, 0, 0, 1, 1, 0, 1, 0, 0
Godless_AED8828DC00E79A468E7E28DCA923CE69F0DFB84.apk,1, 1, 1, 1, 0, 1, 1, 0, 0, 0, 0, 1, 0, 0, 1, 1, 0, 1, 0, 0
Godless_D57D17EB738B23023AF8A6DDAFD5CD3DE42FC705.apk,1, 1, 1, 1, 0, 1, 1, 0, 0, 0, 0, 1, 0, 0, 1, 1, 0, 1, 0, 0
Godwon_1238F2387193330BC79E7A03E92C2038.apk,1, 1, 1, 0, 0, 0, 1, 1, 0, 1, 0, 0, 0, 0, 0, 0, 0, 0, 0, 0
Godwon_2C373AA90942FEDC21BB0B2D35E8E340.apk,1, 1, 1, 0, 0, 0, 1, 1, 0, 1, 0, 0, 0, 0, 0, 0, 0, 0, 0, 0
Godwon_79309179DB63D2B505398ABCB4DD1AE0.apk,1, 1, 0, 0, 0, 0, 0, 0, 0, 0, 0, 0, 1, 0, 0, 0, 0, 0, 0, 0
Godwon_C11FC7207BFBDB91E35B6C285FE0934F.apk,1, 1, 1, 0, 0, 0, 1, 1, 0, 1, 0, 0, 0, 0, 0, 0, 0, 0, 0, 0
GoogleKernel.apk,1, 1, 1, 1, 0, 1, 1, 0, 0, 0, 0, 0, 0, 0, 0, 0, 0, 1, 1, 0
HGSpy_3709F87D2B6FF0BD7937112974DC1143_com.exp.tele.apk,1, 1, 1, 1, 1, 1, 1, 1, 1, 1, 0, 1, 1, 1, 1, 0, 1, 1, 0, 0
HijackRAT_A21FAB634DC788CDD462D506458AF1E4_27574TORH.apk,1, 1, 1, 1, 1, 1, 1, 1, 1, 1, 0, 0, 1, 1, 0, 1, 0, 1, 0, 1
hippo_sample.apk,1, 0, 1, 1, 1, 0, 1, 1, 1, 1, 0, 0, 0, 0, 0, 0, 0, 0, 0, 0
hu.tonuzaba.android.apk,1, 1, 1, 1, 0, 0, 0, 0, 1, 0, 0, 0, 0, 0, 0, 0, 0, 0, 0, 0
imauyfxuhxd.qhlsrdb-1(20140414)(2).apk,1, 1, 1, 1, 0, 0, 0, 0, 1, 1, 0, 0, 1, 0, 1, 0, 0, 0, 0, 0
instagram.apk,1, 1, 0, 1, 1, 0, 0, 0, 1, 1, 0, 0, 0, 0, 0, 1, 0, 0, 0, 0
install.apk,1, 1, 1, 1, 0, 0, 1, 0, 1, 1, 0, 0, 1, 1, 0, 0, 0, 0, 0, 1
IQRD.apk,0, 1, 0, 0, 0, 0, 0, 0, 1, 0, 0, 0, 0, 1, 0, 0, 0, 0, 0, 0
jin_old_2.1.apk,1, 1, 0, 1, 1, 1, 0, 1, 1, 0, 0, 1, 1, 1, 1, 1, 1, 0, 0, 0
Jollyserv_2BE48FB3B8D89F64A18C459067AF3695.apk,1, 1, 1, 1, 1, 0, 1, 1, 1, 1, 0, 0, 0, 0, 0, 0, 0, 0, 0, 0
kim.apk,1, 0, 0, 1, 1, 0, 1, 1, 1, 1, 0, 0, 1, 0, 0, 1, 0, 0, 0, 0
kr.sira.measure.apk,1, 1, 1, 1, 0, 0, 0, 0, 1, 0, 0, 0, 0, 0, 0, 0, 0, 0, 0, 0
kr.sira.sound.apk,1, 1, 1, 1, 0, 0, 0, 0, 1, 0, 0, 0, 0, 0, 0, 0, 0, 0, 0, 0
krep.itmtd.ywtjexf-1_02E231F85558F37DA6802142440736F6.apk,1, 1, 1, 1, 1, 0, 1, 1, 1, 1, 1, 0, 1, 1, 0, 0, 0, 0, 0, 1
ktm.apk,1, 1, 0, 0, 0, 0, 1, 0, 0, 0, 1, 1, 0, 0, 1, 1, 0, 0, 0, 0
k_test.apk,1, 0, 0, 0, 0, 0, 0, 0, 0, 0, 1, 0, 0, 0, 1, 1, 0, 0, 0, 0
la.droid.qr.apk,1, 1, 1, 1, 0, 0, 0, 0, 1, 0, 0, 0, 0, 0, 0, 0, 0, 0, 0, 0
live.photo.savanna.apk,1, 1, 1, 1, 0, 1, 1, 0, 0, 0, 1, 0, 0, 0, 0, 0, 0, 0, 0, 0
Loozfon_04C9E05D0F626CC3F47DC0BC9B65A8CF.apk,1, 1, 1, 0, 0, 0, 0, 0, 0, 0, 0, 0, 1, 1, 0, 0, 0, 0, 0, 0
Marcher_56ED9C77571C81C208BF49FEF4422E8F.apk,1, 1, 1, 0, 1, 1, 1, 1, 1, 1, 1, 0, 1, 1, 0, 1, 0, 1, 0, 0
Marcher_58FB8F875F3C9ACF0FD0C4EE3C0A002A.apk,1, 1, 1, 0, 1, 1, 1, 1, 1, 1, 1, 0, 1, 1, 0, 1, 0, 1, 0, 0
Marcher_5B0EA09640C86C25DD2AEE85515B8AA7.apk,1, 1, 1, 0, 1, 1, 1, 1, 1, 1, 1, 0, 1, 1, 0, 1, 0, 1, 0, 0
Marcher_8B9044C22485A84831B14FB8E63AD349.apk,1, 1, 1, 0, 1, 1, 1, 1, 1, 1, 1, 0, 1, 1, 0, 1, 0, 1, 0, 0
Marcher_FBF3348F3137DD673745677FFD8E91FF.apk,1, 1, 1, 0, 1, 1, 1, 1, 1, 1, 1, 0, 1, 1, 0, 1, 0, 1, 0, 0
mikado.bizcalpro.apk,1, 1, 1, 1, 0, 0, 0, 0, 0, 0, 1, 0, 1, 0, 0, 1, 0, 0, 0, 0
miyowa.android.microsoft.wlm.apk,1, 1, 1, 1, 0, 0, 0, 0, 1, 0, 0, 0, 0, 0, 0, 0, 0, 0, 0, 0
mms475843.apk,1, 1, 0, 1, 0, 0, 1, 0, 1, 1, 0, 0, 1, 0, 0, 0, 0, 0, 0, 0
Mobile Spy.apk,0, 0, 0, 0, 0, 0, 0, 0, 0, 0, 0, 0, 0, 0, 0, 0, 0, 0, 0, 0
net.uloops.android.apk,1, 1, 1, 1, 0, 0, 0, 0, 1, 0, 0, 0, 0, 0, 0, 0, 0, 0, 0, 0
Newfpwap_com_liveprintslivewallpaper.apk,1, 1, 1, 1, 0, 0, 1, 0, 0, 0, 0, 0, 0, 0, 0, 0, 0, 0, 1, 0
org.leo.android.dict.apk,1, 1, 1, 1, 0, 0, 0, 0, 1, 0, 0, 0, 0, 0, 0, 0, 0, 0, 0, 0
org.mozilla.firefox.apk,1, 1, 1, 1, 0, 0, 0, 0, 1, 0, 0, 0, 0, 0, 0, 0, 0, 0, 0, 0
Phospy_EED211032FF576F7FD590C22F142B877.apk,1, 1, 1, 1, 0, 1, 1, 0, 0, 0, 1, 1, 0, 0, 0, 0, 0, 0, 0, 0
PhotoViewer.apk,1, 1, 1, 1, 1, 1, 1, 0, 1, 1, 0, 1, 1, 0, 1, 1, 0, 0, 0, 1
pl.byq.new_19_1.2.5.apk,1, 1, 1, 0, 0, 0, 0, 0, 0, 0, 0, 0, 0, 0, 0, 0, 0, 0, 0, 0
podec_72ADCF52448B2F7BC8CADA8AF8657EEB.apk,1, 1, 1, 1, 1, 1, 1, 1, 1, 1, 0, 1, 1, 1, 1, 0, 1, 0, 0, 0
Ransomware-locker-67BDE6039310B4BB9CCD9FCF2A721A45_koler.apk,1, 1, 0, 0, 0, 0, 1, 0, 0, 0, 0, 0, 0, 0, 0, 1, 0, 0, 0, 0
Repane_0D924A1D6754C5B326C1DA7D474EC7A5.apk,0, 1, 0, 1, 0, 0, 0, 0, 0, 0, 0, 0, 0, 0, 0, 0, 0, 0, 0, 0
Repane_ADD031D774F67B030CE86718AD95040B.apk,0, 1, 0, 1, 0, 0, 0, 0, 0, 0, 0, 0, 0, 0, 0, 0, 0, 0, 0, 0
Roidsec_D4A557EC086E52C443BDE1B8ACE51739.apk,1, 1, 0, 1, 1, 1, 1, 0, 1, 0, 0, 1, 1, 1, 1, 1, 0, 1, 0, 0
ru.blogspot.playsib.savageknife.apk,1, 1, 1, 1, 0, 1, 1, 0, 0, 0, 1, 0, 0, 0, 0, 1, 0, 0, 0, 1
SandroRat.apk,1, 1, 1, 1, 1, 1, 1, 1, 1, 1, 0, 1, 1, 1, 1, 1, 1, 0, 0, 0
santander.apk,1, 1, 1, 1, 0, 0, 1, 0, 1, 1, 0, 0, 1, 0, 0, 0, 0, 0, 0, 0
sb.apk,1, 1, 0, 1, 1, 0, 1, 0, 1, 1, 0, 0, 0, 0, 0, 0, 0, 0, 0, 0
sber.apk,1, 1, 0, 0, 1, 0, 1, 0, 1, 1, 0, 0, 0, 0, 0, 1, 0, 0, 0, 0
Scan-For-Viruses-Now.apk,1, 1, 1, 1, 1, 1, 1, 1, 0, 0, 1, 0, 1, 0, 0, 1, 1, 0, 0, 1
schgg.apk,1, 1, 0, 0, 0, 0, 0, 0, 0, 0, 0, 0, 1, 0, 0, 0, 0, 0, 0, 0
Scipiex_6BD95C5BB0A99B29FF83D72DC578947B.apk,1, 1, 1, 1, 0, 0, 0, 0, 0, 0, 0, 0, 1, 0, 0, 0, 1, 0, 0, 0
simhosy_533453B7F3A7F55816B2EDCD5326DD2D.apk,1, 1, 1, 1, 1, 1, 0, 0, 0, 1, 0, 0, 1, 1, 0, 0, 1, 0, 0, 0
simhosy_6B2D0948A462431D93A2035A82AF6CB5.apk,1, 1, 1, 1, 1, 1, 0, 0, 0, 1, 0, 0, 1, 0, 0, 0, 1, 0, 0, 0
simhosy_D2151D102F8DCBCD03DA4B9F3070F4D3.apk,1, 1, 1, 1, 1, 1, 0, 0, 0, 1, 0, 0, 1, 1, 0, 0, 1, 0, 0, 0
skullkey_2DC07DCA36487339F3935ACE890E42E0.apk,1, 1, 1, 1, 0, 1, 0, 0, 0, 0, 1, 1, 0, 0, 1, 1, 0, 1, 1, 1
smart.apps.superclean-1.apk_ 2529085824C55DBBAED0B86EDE7B3C60.apk,0, 0, 0, 0, 0, 0, 0, 0, 0, 0, 0, 0, 0, 0, 0, 0, 0, 0, 0, 0
sms-worm_F6D3A35BE0366EB994A0425A15871F5B.apk,1, 1, 1, 1, 1, 1, 1, 1, 1, 0, 1, 1, 1, 0, 1, 1, 1, 1, 0, 0
smtp_C9B7BE2C1518933950B0284FC254C485_20130802_031615.apk,1, 1, 1, 1, 1, 1, 1, 1, 1, 1, 0, 1, 1, 1, 1, 1, 1, 1, 0, 0
spyera.apk,1, 1, 1, 1, 1, 0, 1, 1, 1, 1, 0, 1, 1, 1, 1, 1, 1, 0, 1, 1
sp_k_test.apk,1, 0, 0, 0, 0, 0, 0, 0, 0, 0, 1, 0, 0, 0, 1, 1, 0, 0, 0, 0
sp_mtm.apk,1, 0, 0, 0, 0, 0, 0, 0, 0, 0, 1, 0, 0, 0, 1, 1, 0, 0, 0, 0
sp_ntm.apk,1, 0, 0, 0, 0, 0, 0, 0, 0, 0, 1, 0, 0, 0, 1, 1, 0, 0, 0, 0
suspect.apk,1, 1, 1, 1, 0, 1, 1, 0, 0, 0, 1, 0, 0, 0, 1, 1, 0, 1, 1, 1
test97.apk,1, 1, 1, 1, 0, 0, 1, 0, 1, 1, 0, 0, 0, 1, 0, 1, 0, 0, 0, 0
test98.apk,1, 1, 1, 1, 0, 0, 1, 0, 1, 1, 0, 0, 0, 1, 0, 1, 0, 0, 0, 0
test99.apk,1, 1, 1, 1, 0, 0, 1, 0, 1, 1, 0, 0, 0, 1, 0, 1, 0, 0, 0, 0
testService.apk,1, 1, 0, 1, 0, 1, 1, 0, 0, 0, 0, 0, 0, 0, 0, 0, 0, 0, 0, 0
ThreatJapan_4C937667CB23E857D42B664334E1142A_NewsAndroidcode03.apk,1, 0, 1, 1, 0, 0, 0, 0, 0, 0, 0, 0, 1, 0, 0, 0, 0, 0, 0, 0
ThreatJapan_BA73E96CAA95999321C1CDD766BDF58B_NewsAndroidcode02.apk,1, 0, 1, 1, 0, 0, 0, 0, 0, 0, 0, 0, 1, 0, 0, 0, 0, 0, 0, 0
ThreatJapan_CF45E1288B47D97326ED279F2EE41E4D_NewsAndroidcode01.apk,1, 0, 1, 1, 0, 0, 0, 0, 0, 0, 0, 0, 1, 0, 0, 0, 0, 0, 0, 0
ThreatJapan_D09A1FF8A96A6633B3B285F530E2D430_NewsAndroidnocode.apk,1, 0, 1, 1, 0, 0, 0, 0, 0, 0, 0, 0, 1, 0, 0, 0, 0, 0, 0, 0
TRacer_1C37F184A707D2C7C6D79CABEDA2DF69_TRacer.apk,1, 1, 1, 1, 1, 0, 1, 0, 1, 1, 0, 1, 1, 1, 1, 1, 1, 0, 0, 0
Triad_592FA585B64412E31B3DA77B1E825208.apk,1, 1, 1, 1, 1, 1, 1, 1, 1, 1, 0, 0, 0, 0, 0, 1, 0, 1, 0, 1
tunein.player.apk,1, 1, 1, 1, 0, 0, 0, 0, 1, 0, 0, 0, 0, 0, 0, 0, 0, 0, 0, 0
tvtotalnippeltrial.app.apk,1, 1, 1, 1, 0, 0, 0, 0, 1, 0, 0, 0, 0, 0, 0, 0, 0, 0, 0, 0
uk.co.exelentia.wikipedia.apk,1, 1, 1, 1, 0, 0, 0, 0, 1, 0, 0, 0, 0, 0, 0, 0, 0, 0, 0, 0
Update.apk,1, 0, 1, 0, 0, 0, 1, 0, 0, 0, 0, 0, 0, 0, 0, 0, 0, 0, 0, 0
Usbcleaver_283D16309A5A35A13F8FA4C5E1AE01B1.apk,1, 0, 1, 1, 0, 0, 0, 0, 0, 0, 0, 0, 0, 0, 0, 0, 0, 0, 0, 0
Valeriy.1_Sodsack_8157a5968d3e28699be3814126e3ceee.apk,1, 1, 1, 1, 1, 1, 1, 0, 0, 1, 0, 0, 0, 0, 0, 1, 0, 1, 0, 0
XXshenqi.apk,0, 0, 1, 0, 0, 0, 0, 0, 1, 0, 0, 0, 1, 0, 0, 0, 1, 0, 0, 0