NAME,INTERNET,ACCESS_NETWORK_STATE,WRITE_EXTERNAL_STORAGE,READ_PHONE_STATE,VIBRATE,ACCESS_COARSE_LOCATION,WAKE_LOCK,ACCESS_FINE_LOCATION,RECEIVE_BOOT_COMPLETED,ACCESS_WIFI_STATE,READ_CONTACTS,WRITE_SETTINGS,GET_ACCOUNTS,CAMERA,CALL_PHONE,WRITE_CONTACTS,GET_TASKS,RECORD_AUDIO,READ_HISTORY_BOOKMARKS,WRITE_HISTORY_BOOKMARKS
+HOME-Launcher_v3.4.03pakage.apk,1, 1, 1, 1, 1, 0, 1, 0, 1, 1, 1, 1, 1, 0, 1, 0, 0, 0, 0, 0
1_000_000-Wallpapers-HD_v2.0pakage.apk,1, 1, 1, 1, 0, 0, 0, 0, 0, 1, 0, 0, 0, 0, 0, 0, 0, 0, 0, 0
10_000+-Sms-Collection_v7.5.1.0pakage.apk,1, 1, 0, 0, 0, 0, 0, 0, 0, 0, 0, 0, 0, 0, 0, 0, 0, 0, 0, 0
10000+-SMS-Messages-Collection_v1.8pakage.apk,1, 1, 0, 0, 0, 0, 0, 0, 1, 0, 0, 0, 0, 0, 0, 0, 0, 0, 0, 0
10000+-Wallpapers_v1.1pakage.apk,1, 1, 1, 0, 0, 0, 1, 0, 0, 1, 0, 0, 0, 0, 0, 0, 0, 0, 0, 0
10000-Bimari-Ke-Upay_v1.0pakage.apk,1, 1, 0, 0, 0, 0, 0, 0, 0, 0, 0, 0, 0, 0, 0, 0, 0, 0, 0, 0
1001-secreat-talks_v1.0pakage.apk,1, 1, 0, 0, 0, 0, 0, 0, 0, 1, 0, 0, 0, 0, 0, 0, 0, 0, 0, 0
150-Bangladeshi-Newspapers_v1.2pakage.apk,1, 1, 1, 0, 0, 1, 1, 1, 1, 0, 0, 0, 0, 1, 0, 0, 0, 0, 0, 0
1500+-Hindi-Recipes_v2.6pakage.apk,1, 1, 1, 1, 0, 1, 0, 1, 1, 1, 0, 0, 1, 0, 0, 0, 0, 0, 1, 0
15000-knowledge_v1.0pakage.apk,1, 1, 0, 0, 0, 0, 0, 0, 0, 1, 0, 0, 0, 0, 0, 0, 0, 0, 0, 0
24-Ghanta-Live-Bengali-News_v2.2pakage.apk,1, 1, 1, 0, 0, 0, 1, 0, 0, 0, 0, 0, 1, 0, 0, 0, 0, 0, 0, 0
24-Taas-Live-Marathi-News_v2.2pakage.apk,1, 1, 1, 0, 0, 0, 1, 0, 0, 0, 0, 0, 1, 0, 0, 0, 0, 0, 0, 0
2500+-creative_v1.1pakage.apk,1, 1, 0, 0, 0, 0, 0, 0, 0, 0, 0, 0, 0, 0, 0, 0, 0, 0, 0, 0
2G-3G-Speed-Booster_v2.0pakage.apk,1, 1, 0, 0, 0, 1, 0, 1, 0, 1, 0, 0, 0, 0, 0, 0, 0, 0, 0, 0
300-herbal-medicine-Bangla_v0.0.4pakage.apk,1, 1, 0, 0, 0, 0, 0, 0, 0, 0, 0, 0, 0, 0, 0, 0, 0, 0, 0, 0
350-Bimari-Se-Chutkara_v1.0pakage.apk,1, 1, 0, 0, 0, 1, 0, 1, 0, 1, 0, 0, 0, 0, 0, 0, 0, 0, 0, 0
360-Launcher\xef\xbc\x8dFast_-Free-Themes_v7.1.5pakage.apk,1, 1, 1, 1, 1, 1, 1, 1, 1, 1, 1, 1, 0, 1, 1, 0, 1, 0, 0, 0
360-Security---Antivirus-Boost_v3.8.9.4821pakage.apk,1, 1, 1, 1, 1, 1, 1, 1, 1, 1, 1, 1, 1, 1, 1, 1, 1, 0, 1, 1
360-Security-Lite-Speed-Boost_v1.4.1pakage.apk,1, 1, 1, 1, 1, 1, 1, 1, 1, 1, 0, 1, 1, 1, 0, 0, 1, 0, 0, 0
3D-BMI-Calculator-Free_v3.0pakage.apk,1, 1, 0, 1, 0, 0, 0, 0, 0, 0, 0, 0, 0, 1, 0, 0, 0, 0, 0, 0
3D-Earth-Maps-satellite_v1.0pakage.apk,1, 1, 0, 0, 0, 1, 1, 1, 0, 0, 0, 0, 0, 0, 0, 0, 0, 0, 0, 0
3D-Gallery_v1.1.30720pakage.apk,1, 1, 1, 1, 1, 1, 1, 1, 0, 1, 0, 1, 1, 1, 0, 0, 1, 0, 0, 0
3D-LAUNCHER-VS_v2.5pakage.apk,1, 1, 1, 0, 1, 0, 0, 0, 0, 1, 0, 1, 1, 0, 1, 0, 1, 0, 0, 0
3D-Mushroom-Live-Wallpaper-New_v1.0.7pakage.apk,1, 1, 0, 1, 0, 1, 0, 1, 0, 1, 0, 0, 1, 0, 0, 0, 0, 0, 0, 0
3G-to-4G-5G-Converter_v1.0pakage.apk,1, 1, 0, 0, 0, 1, 0, 1, 0, 1, 0, 0, 0, 0, 0, 0, 0, 0, 0, 0
3G-to-4G-converter_v4.0pakage.apk,1, 1, 1, 0, 0, 0, 1, 0, 0, 0, 0, 0, 0, 0, 0, 0, 0, 0, 0, 0
3G-to-4G-VoLTE-Converter_v1.5pakage.apk,1, 1, 0, 1, 0, 0, 0, 0, 0, 1, 0, 0, 0, 0, 0, 0, 0, 0, 0, 0
400-Ayurvedic_v1pakage.apk,1, 1, 1, 0, 1, 0, 1, 0, 1, 1, 0, 1, 0, 0, 0, 0, 0, 0, 0, 0
400-health_v1.0pakage.apk,1, 1, 0, 0, 0, 0, 0, 0, 0, 1, 0, 0, 0, 0, 0, 0, 0, 0, 0, 0
4D-Hanuman-Live-Wallpaper_v3.0pakage.apk,1, 1, 0, 0, 0, 0, 0, 0, 0, 0, 0, 0, 0, 0, 0, 0, 0, 0, 0, 0
4G-3G-2G-Speed-Booster_v86.0pakage.apk,1, 1, 0, 0, 0, 1, 0, 1, 0, 1, 0, 0, 0, 0, 0, 0, 0, 0, 0, 0
4G-Converter--SIM-Info-Prank_v1.3.4pakage.apk,1, 1, 1, 1, 0, 1, 1, 0, 0, 1, 0, 0, 0, 0, 1, 0, 0, 0, 0, 0
4G-LTE-Signal-Booster-Network_v1.0.3pakage.apk,1, 1, 1, 0, 0, 1, 1, 1, 1, 1, 0, 0, 0, 0, 0, 0, 0, 0, 0, 0
4G-Mobile-Booster---Save-Data_v5.0pakage.apk,1, 1, 1, 1, 0, 0, 0, 1, 0, 1, 0, 0, 0, 0, 0, 0, 0, 0, 0, 0
4K-Ultra-HD-Camera_v1.3pakage.apk,1, 1, 1, 0, 0, 0, 0, 1, 0, 0, 0, 0, 0, 1, 0, 0, 0, 1, 0, 0
501-Gharelu-Tips_v1.0pakage.apk,1, 0, 0, 0, 0, 0, 0, 0, 0, 0, 0, 0, 0, 0, 0, 0, 0, 0, 0, 0
555+-Ayurvedic-Upchar_v1.4pakage.apk,1, 1, 0, 0, 0, 0, 0, 0, 0, 0, 0, 0, 0, 0, 0, 0, 0, 0, 0, 0
5G-Fast-Internet-Browser_v3.0pakage.apk,1, 1, 1, 0, 0, 1, 0, 1, 0, 0, 0, 0, 0, 0, 0, 0, 0, 0, 0, 0
777-nuske-aapke-liye_v1.1pakage.apk,1, 1, 1, 0, 0, 1, 0, 1, 0, 0, 0, 0, 0, 0, 0, 0, 0, 0, 0, 0
7digital-Music-Store_v6.61.5.216pakage.apk,1, 1, 1, 0, 0, 0, 1, 0, 0, 1, 0, 0, 0, 0, 0, 0, 0, 0, 0, 0
8-Metro-style-launcher-theme_v1.17.3pakage.apk,1, 1, 1, 0, 1, 0, 1, 0, 0, 1, 1, 0, 0, 0, 0, 1, 0, 0, 0, 0
9-Nine-Apps-Download-Guide_v1.0.3pakage.apk,1, 0, 0, 1, 0, 0, 0, 0, 0, 0, 0, 0, 0, 0, 0, 0, 0, 0, 0, 0
91-Launcher--Smooth_-themes_UI_v6.5.0.5pakage.apk,1, 1, 1, 1, 1, 1, 1, 1, 1, 1, 0, 1, 1, 0, 1, 0, 1, 0, 1, 0
91-Launcher-Pro--Smooth-Theme_v6.5.3pakage.apk,1, 1, 1, 1, 1, 1, 1, 1, 1, 1, 0, 1, 1, 0, 1, 0, 1, 0, 1, 0
91-Locker---DIYWallpaper_v1.1.9pakage.apk,1, 1, 1, 1, 1, 0, 1, 0, 1, 1, 0, 1, 1, 1, 0, 0, 1, 0, 0, 0
99-Tv_v4.0.2pakage.apk,1, 1, 0, 0, 0, 0, 0, 0, 0, 0, 0, 0, 0, 0, 1, 0, 0, 0, 0, 0
9apps+_v1.6pakage.apk,1, 0, 1, 1, 0, 0, 1, 0, 1, 0, 0, 0, 0, 0, 0, 0, 0, 0, 0, 0
AajTak-Lite---Hindi-News-Apps_v1.0pakage.apk,1, 1, 0, 0, 0, 0, 0, 0, 0, 0, 0, 0, 0, 0, 0, 0, 0, 0, 0, 0
AAP-News_v4.41pakage.apk,1, 1, 1, 0, 0, 0, 0, 0, 0, 0, 0, 0, 0, 0, 0, 0, 0, 0, 0, 0
Aarti-Sangrah_v1.0pakage.apk,1, 1, 0, 0, 0, 0, 1, 0, 0, 0, 0, 0, 0, 0, 0, 0, 0, 0, 0, 0
ABC-Launcher---Boost_-Clean_v1.7.8pakage.apk,1, 1, 1, 1, 1, 1, 1, 1, 1, 1, 1, 1, 1, 1, 1, 1, 1, 0, 0, 0
AbhiBus.com-Online-Bus-Tickets_v2.6.4pakage.apk,1, 1, 1, 1, 1, 0, 1, 0, 1, 0, 1, 0, 1, 1, 1, 0, 0, 0, 0, 0
ABP-LIVE-News_v9.1.1pakage.apk,1, 1, 1, 1, 1, 1, 1, 1, 0, 1, 0, 0, 1, 1, 0, 0, 0, 0, 0, 0
AccorHotels-hotel-booking_v5.8.1pakage.apk,1, 1, 1, 1, 1, 1, 1, 1, 1, 0, 0, 1, 1, 0, 1, 0, 0, 0, 0, 0
Accurate-Compass_v1.0.12pakage.apk,1, 1, 0, 0, 0, 1, 1, 1, 0, 0, 0, 1, 0, 0, 0, 0, 0, 0, 0, 0
Ace-Browser-Small_Fast_Private_v1.8.1pakage.apk,1, 1, 1, 1, 0, 0, 1, 1, 1, 1, 1, 1, 1, 1, 0, 0, 1, 0, 1, 0
Action-Launcher-3_v3.11.4pakage.apk,1, 1, 1, 0, 1, 0, 1, 0, 1, 1, 0, 1, 0, 0, 1, 0, 0, 0, 0, 0
Acute-HIV-Clinical-Guideline_v1.2pakage.apk,1, 1, 0, 0, 0, 0, 0, 0, 0, 0, 0, 0, 0, 0, 0, 0, 0, 0, 0, 0
Add-GPS-Places-to-Google-Maps_v1.1pakage.apk,1, 1, 0, 0, 0, 0, 0, 1, 0, 0, 0, 0, 0, 0, 0, 0, 0, 0, 0, 0
Address_v1.6pakage.apk,1, 1, 0, 0, 0, 0, 1, 1, 0, 0, 0, 0, 0, 0, 0, 0, 0, 0, 0, 0
Advanced-Offline-Dictionary_v2.2.1pakage.apk,1, 1, 1, 0, 0, 0, 0, 0, 0, 0, 0, 0, 0, 0, 0, 0, 0, 0, 0, 0
Advanced-Oxford-Dictionary_v2.1pakage.apk,1, 1, 1, 0, 0, 0, 1, 0, 0, 0, 0, 0, 0, 0, 0, 0, 0, 0, 0, 0
ADW.Launcher_v1.3.3.9pakage.apk,0, 0, 1, 0, 1, 0, 0, 0, 0, 0, 1, 1, 0, 0, 1, 0, 1, 0, 0, 0
Aero-Radar_v1.0.1pakage.apk,1, 1, 0, 1, 0, 0, 0, 0, 0, 0, 0, 0, 0, 0, 0, 0, 0, 0, 0, 0
AgilaBuzz---NewsVideoMedia_vv1.2.3pakage.apk,1, 1, 1, 1, 1, 1, 1, 1, 0, 1, 0, 1, 0, 0, 0, 0, 1, 0, 0, 0
Agoda-\xe2\x80\x93-Hotel-Booking-Deals_v3.9.0pakage.apk,1, 1, 1, 0, 1, 1, 1, 1, 0, 1, 0, 0, 0, 0, 0, 0, 0, 0, 0, 0
Air-call-Receive_v2.8pakage.apk,1, 1, 0, 1, 0, 0, 0, 0, 1, 0, 0, 0, 0, 0, 1, 0, 0, 0, 0, 0
AirAsia_v4.2.1pakage.apk,1, 1, 1, 1, 0, 1, 1, 0, 0, 1, 0, 0, 1, 0, 0, 0, 0, 0, 0, 0
Airbnb_v16.46.2pakage.apk,1, 1, 1, 1, 1, 1, 1, 1, 0, 1, 1, 0, 1, 1, 0, 0, 0, 0, 0, 0
Airtripp-Find-Foreign-Friends_v6.2.1pakage.apk,1, 1, 1, 0, 1, 1, 1, 1, 0, 1, 0, 0, 1, 1, 0, 0, 0, 1, 0, 0
Al-Jazeera-English_v3.2.3pakage.apk,1, 1, 1, 0, 1, 1, 1, 1, 0, 1, 0, 0, 1, 0, 0, 0, 0, 0, 0, 0
Al-Quran-(Free)_v3.0.7pakage.apk,1, 1, 1, 1, 0, 0, 1, 0, 1, 1, 0, 0, 0, 0, 0, 0, 0, 0, 0, 0
Aldiko-Book-Reader_v3.0.29pakage.apk,1, 1, 1, 0, 0, 0, 0, 0, 0, 0, 0, 0, 1, 0, 0, 0, 0, 0, 0, 0
All-Call-Recorder-Automatic_v2.2pakage.apk,1, 1, 1, 1, 0, 1, 1, 0, 1, 0, 1, 0, 0, 0, 0, 0, 0, 1, 0, 0
All-Cars_v3.7pakage.apk,1, 1, 1, 0, 0, 0, 1, 0, 0, 0, 0, 0, 0, 0, 0, 0, 0, 0, 0, 0
All-In-One-Bangla-Tv-Channel_v2.0pakage.apk,1, 1, 1, 0, 0, 0, 0, 1, 0, 0, 0, 0, 0, 1, 0, 0, 0, 0, 0, 0
All-Language-Translator-Free_v1.1pakage.apk,1, 1, 0, 0, 0, 0, 0, 0, 0, 1, 0, 0, 0, 0, 0, 0, 0, 0, 0, 0
All-Social-Media-Hub_v2.2.3pakage.apk,1, 1, 1, 0, 0, 0, 0, 0, 0, 1, 0, 0, 0, 0, 0, 0, 0, 0, 0, 0
All-Trains-Info_v2.0.1pakage.apk,1, 1, 0, 0, 0, 0, 0, 0, 0, 0, 0, 0, 0, 0, 0, 0, 0, 0, 0, 0
ALL-VITAMINS_v0.0.1pakage.apk,1, 1, 0, 0, 0, 0, 0, 0, 0, 0, 0, 0, 0, 0, 0, 0, 0, 0, 0, 0
All-Whatsap-Status_v1.2.5pakage.apk,1, 1, 0, 0, 0, 0, 0, 0, 0, 0, 0, 0, 0, 0, 0, 0, 0, 0, 0, 0
All-World-News_v1.0pakage.apk,1, 1, 0, 0, 0, 0, 0, 0, 0, 0, 0, 0, 0, 0, 0, 0, 0, 0, 0, 0
Amar-Ujala-Hindi-News_v1pakage.apk,1, 1, 1, 1, 1, 0, 1, 0, 1, 1, 0, 1, 0, 0, 0, 0, 0, 1, 0, 0
Amazing-Spider-Man-2-Live-WP_v2.13pakage.apk,1, 1, 1, 0, 0, 1, 1, 0, 1, 0, 0, 1, 1, 1, 0, 0, 0, 0, 0, 0
Amazon-Kindle_v7.5.0.51pakage.apk,1, 1, 1, 1, 0, 0, 1, 0, 1, 1, 0, 1, 1, 0, 0, 0, 1, 0, 0, 0
Amplified-Bible_vAmplified+Bible+Speakpakage.apk,1, 1, 0, 1, 0, 0, 0, 0, 0, 1, 0, 0, 0, 0, 0, 0, 0, 0, 0, 0
Analog-clock-widget_v1.3pakage.apk,1, 1, 0, 0, 0, 0, 1, 0, 0, 0, 0, 0, 0, 0, 0, 0, 0, 0, 0, 0
Anandabazar-Patrika_v4.0pakage.apk,1, 1, 1, 1, 0, 0, 1, 0, 1, 0, 0, 0, 0, 0, 0, 0, 0, 0, 0, 0
Anatomy-Learning---Human-Atlas_v1.1pakage.apk,1, 1, 1, 0, 0, 0, 1, 0, 0, 0, 0, 0, 0, 0, 0, 0, 0, 0, 0, 0
Anatomy-Videos_v1.1pakage.apk,1, 1, 1, 0, 0, 0, 0, 0, 0, 1, 0, 0, 0, 0, 0, 0, 0, 0, 0, 0
AndroDumpper-(-WPS-Connect-)_v1.88pakage.apk,1, 1, 0, 0, 0, 0, 0, 1, 1, 1, 0, 0, 0, 0, 0, 0, 0, 0, 0, 0
AndroidMTK_v0.25pakage.apk,0, 0, 1, 0, 0, 0, 0, 0, 0, 0, 0, 0, 0, 0, 0, 0, 0, 0, 0, 0
Animal-Sounds-Ringtones_v1.0.10pakage.apk,1, 1, 1, 1, 0, 0, 0, 1, 1, 1, 0, 1, 1, 0, 0, 0, 0, 0, 0, 0
Antibiotics--Antivirals_v1.0.1pakage.apk,1, 1, 0, 0, 0, 0, 1, 0, 0, 1, 0, 0, 0, 0, 0, 0, 0, 0, 0, 0
Antivirus--Security_v1.3.6pakage.apk,1, 1, 1, 1, 1, 0, 1, 0, 1, 1, 0, 0, 0, 1, 0, 0, 1, 0, 1, 1
Antivirus-for-Android_v1.161001pakage.apk,1, 1, 0, 0, 0, 0, 0, 0, 1, 1, 0, 0, 0, 0, 0, 0, 0, 0, 0, 0
Antivirus-Free---Virus-Cleaner_v8.6.18.00pakage.apk,1, 1, 1, 1, 0, 0, 1, 0, 0, 1, 0, 0, 0, 0, 0, 0, 0, 0, 0, 0
antivirus-free-2016_v2.1.5pakage.apk,1, 1, 0, 0, 0, 0, 0, 0, 1, 1, 0, 0, 0, 0, 0, 0, 0, 0, 0, 0
Antivirus-\xe2\x80\x93-360-Security_v1.02pakage.apk,1, 1, 0, 0, 0, 0, 0, 0, 1, 1, 0, 0, 0, 0, 0, 0, 0, 0, 0, 0
Apex-Launcher_v3.1.0pakage.apk,1, 1, 1, 0, 1, 0, 0, 0, 0, 0, 0, 1, 0, 0, 1, 0, 1, 0, 0, 0
App-Backup-Restore---Transfer_v5.2.5pakage.apk,1, 1, 1, 0, 0, 0, 1, 0, 0, 1, 1, 1, 1, 0, 0, 1, 0, 0, 0, 0
App-Lock-Fingerprint-Simulator_v1.2pakage.apk,1, 1, 0, 0, 1, 0, 0, 0, 0, 0, 0, 0, 0, 0, 0, 0, 0, 0, 0, 0
App-Lock-Lite_v1.0pakage.apk,1, 1, 1, 0, 1, 0, 0, 0, 1, 0, 0, 0, 0, 0, 0, 0, 1, 0, 0, 0
App-Lock-Lite_v1.1pakage.apk,1, 1, 0, 0, 0, 0, 0, 0, 1, 1, 0, 0, 0, 0, 0, 0, 1, 0, 0, 0
App-Locker---Hide-app_v1.3.2pakage.apk,1, 1, 0, 1, 0, 1, 0, 1, 1, 1, 0, 0, 0, 0, 1, 0, 1, 0, 0, 0
App-Lock_v1.0.58pakage.apk,1, 1, 1, 1, 1, 1, 1, 1, 1, 1, 0, 1, 1, 1, 0, 0, 1, 1, 0, 0
App-Lock_v1.3.2pakage.apk,1, 1, 1, 1, 0, 0, 0, 0, 1, 1, 0, 1, 0, 0, 0, 0, 1, 0, 0, 0
App-Whatsdog-Tracker_v1.2.0pakage.apk,1, 1, 1, 0, 0, 0, 0, 0, 0, 0, 0, 0, 0, 0, 0, 0, 0, 0, 0, 0
Apple-Camera_v4.1.031116pakage.apk,1, 1, 1, 1, 1, 0, 1, 0, 1, 0, 0, 0, 1, 1, 0, 0, 1, 1, 0, 0
Apple-Music_v1.2.0pakage.apk,1, 1, 1, 1, 0, 0, 1, 0, 0, 1, 1, 0, 0, 0, 0, 0, 0, 0, 0, 0
AppLock-pro---privacy--vault_vv1.5.1pakage.apk,1, 1, 1, 1, 1, 0, 1, 0, 1, 1, 0, 1, 1, 1, 1, 0, 1, 0, 1, 1
AppLock-Theme-Sweet-Romance_v1.0.0pakage.apk,1, 1, 1, 0, 0, 0, 0, 0, 1, 1, 0, 0, 0, 0, 0, 0, 0, 0, 0, 0
AppLock_v2.20.1pakage.apk,1, 1, 1, 1, 1, 0, 1, 0, 1, 1, 0, 1, 1, 1, 0, 0, 1, 0, 0, 0
APSRTC-Bus-Booking--Timing_v1.1pakage.apk,1, 1, 0, 0, 0, 0, 0, 0, 0, 0, 0, 0, 0, 0, 0, 0, 0, 0, 0, 0
APSRTC-LIVE-TRACK_v1.0.01pakage.apk,1, 1, 1, 0, 0, 1, 0, 1, 0, 1, 1, 0, 1, 0, 0, 1, 0, 0, 0, 0
APSRTC_v1.0pakage.apk,1, 1, 0, 0, 0, 0, 0, 0, 0, 0, 0, 0, 0, 0, 0, 0, 0, 0, 0, 0
APUS_v2.8.0pakage.apk,1, 1, 1, 1, 1, 1, 1, 1, 1, 1, 1, 1, 1, 1, 0, 0, 1, 0, 0, 0
Around-Me-Places-Tracker_v1.1.3pakage.apk,1, 1, 1, 0, 0, 1, 0, 1, 0, 0, 0, 0, 0, 0, 1, 0, 0, 0, 0, 0
Arrow-Launcher_v2.6.0.27593pakage.apk,1, 1, 1, 1, 1, 1, 1, 1, 1, 1, 1, 1, 1, 1, 1, 0, 1, 0, 0, 0
ARY-NEWS-Pro_v0.0.8pakage.apk,1, 1, 1, 0, 1, 0, 1, 0, 1, 0, 0, 0, 0, 0, 0, 0, 0, 0, 0, 0
ARY-NEWS_v1.0pakage.apk,1, 1, 1, 1, 1, 1, 1, 1, 0, 1, 0, 0, 1, 0, 1, 0, 0, 0, 0, 0
Asianet-News---Official_v2.9pakage.apk,1, 1, 1, 0, 0, 0, 1, 0, 0, 1, 0, 0, 1, 1, 0, 0, 0, 0, 0, 0
Assassin-of-Spiderman-2_v1.0pakage.apk,1, 1, 1, 1, 0, 1, 0, 1, 0, 1, 0, 0, 0, 0, 0, 0, 0, 0, 0, 0
Assistant-for-Android_v23.22pakage.apk,1, 1, 1, 0, 1, 0, 0, 0, 1, 1, 0, 1, 0, 1, 0, 0, 1, 0, 1, 1
ASTRO-File-Manager_vVaries+with+devicepakage.apk,1, 1, 1, 0, 0, 0, 1, 0, 0, 1, 0, 1, 1, 0, 0, 0, 1, 0, 0, 0
ATM-Finder_-ATM-Locator_v1.2.2pakage.apk,1, 1, 1, 0, 0, 1, 1, 1, 0, 1, 0, 0, 0, 0, 0, 0, 0, 0, 0, 0
ATM-Finder-Free_v0.0.1pakage.apk,1, 1, 0, 0, 0, 1, 0, 1, 0, 1, 0, 0, 0, 0, 0, 0, 0, 0, 0, 0
ATM-Finder_v1.3pakage.apk,1, 1, 1, 0, 0, 1, 0, 1, 0, 1, 0, 0, 0, 0, 0, 0, 0, 0, 0, 0
ATM-Locator_-ATM-Finder_v1.2pakage.apk,1, 1, 0, 0, 0, 1, 1, 1, 0, 0, 0, 0, 0, 0, 0, 0, 0, 0, 0, 0
ATM-Locator_v1.0.1pakage.apk,1, 1, 1, 0, 0, 1, 0, 1, 0, 0, 0, 0, 0, 0, 0, 0, 0, 0, 0, 0
Atom-Launcher_v2.2.91pakage.apk,1, 1, 1, 1, 1, 0, 0, 1, 0, 1, 1, 1, 1, 1, 1, 0, 1, 0, 0, 0
Automatic-Call-Recorder_v1.3pakage.apk,1, 1, 1, 1, 0, 0, 1, 0, 0, 1, 1, 0, 0, 0, 1, 1, 0, 1, 0, 0
Automatic-Call-Recording_v3.3pakage.apk,1, 1, 1, 1, 0, 0, 0, 0, 1, 0, 1, 0, 0, 0, 1, 0, 0, 1, 0, 0
Automatic-True-Call-Recorder_v1.0pakage.apk,1, 1, 1, 1, 0, 0, 1, 0, 0, 1, 1, 0, 0, 0, 1, 1, 0, 1, 0, 0
Ayurvedic-Book_v1.0.2pakage.apk,1, 1, 1, 1, 0, 0, 0, 0, 1, 1, 0, 1, 0, 0, 0, 0, 0, 0, 0, 0
Ayurvedic-Herbs\xe2\x9c\xbd-Medicine-Book_v1.4pakage.apk,1, 1, 0, 0, 0, 0, 0, 0, 0, 0, 0, 0, 0, 0, 0, 0, 0, 0, 0, 0
Azar_v3.10.10-armpakage.apk,1, 1, 1, 0, 1, 1, 1, 0, 0, 0, 1, 0, 1, 1, 0, 0, 1, 1, 0, 0
Back-Up_v2.0.2pakage.apk,1, 1, 0, 0, 1, 0, 1, 0, 1, 0, 0, 0, 1, 0, 0, 0, 0, 0, 0, 0
Background-(HD-Wallpapers)_v1.5pakage.apk,1, 1, 1, 1, 0, 0, 1, 0, 1, 1, 0, 1, 1, 1, 0, 0, 0, 0, 0, 0
Backgrounds-HD-(Wallpapers)_v4.8.12pakage.apk,1, 1, 1, 0, 1, 0, 1, 0, 1, 1, 0, 0, 0, 0, 0, 0, 0, 0, 0, 0
Bacterial-Vaginosis-Symptoms_v1.0pakage.apk,1, 1, 0, 0, 0, 0, 0, 0, 0, 0, 0, 0, 0, 0, 0, 0, 0, 0, 0, 0
Bangla-Choti-Golpo-\xe0\xa6\xac\xe0\xa6\xbe\xe0\xa6\x82\xe0\xa6\xb2\xe0\xa6\xbe-\xe0\xa6\x9a\xe0\xa6\x9f\xe0\xa6\xbf_v3.0pakage.apk,1, 1, 0, 0, 0, 0, 1, 0, 0, 0, 0, 0, 0, 0, 0, 0, 0, 0, 0, 0
Bangla-Choti-Golpo_v1.0pakage.apk,1, 1, 0, 0, 0, 0, 0, 0, 0, 0, 0, 0, 0, 0, 0, 0, 0, 0, 0, 0
Bangla-Dictionary_veclairpakage.apk,1, 1, 1, 0, 0, 0, 1, 0, 1, 1, 0, 0, 0, 0, 0, 0, 0, 0, 0, 0
BANGLA-JADU-BA-MAGIC-SHIKHON_v0.0.2pakage.apk,1, 1, 0, 0, 0, 0, 1, 0, 0, 0, 0, 0, 0, 0, 0, 0, 0, 0, 0, 0
Bangla-Keyboard_v1.1pakage.apk,1, 1, 0, 0, 0, 0, 0, 0, 0, 0, 0, 0, 0, 0, 0, 0, 0, 0, 0, 0
Bartaman-Patrika_v1.0.6pakage.apk,1, 1, 1, 0, 1, 0, 1, 0, 0, 1, 0, 0, 0, 0, 0, 0, 0, 0, 0, 0
Bass-Booster-and-Equalizer_v1.0.9pakage.apk,1, 1, 1, 1, 1, 0, 1, 0, 0, 0, 0, 0, 0, 0, 0, 0, 0, 1, 0, 0
Bass-Booster-EQ-Music-Player_v1.1.3pakage.apk,1, 1, 1, 1, 0, 0, 1, 0, 0, 1, 0, 1, 0, 0, 0, 0, 1, 1, 0, 0
Bass-Booster_v1.4.5pakage.apk,1, 1, 0, 0, 1, 0, 0, 1, 0, 0, 0, 0, 0, 0, 0, 0, 0, 0, 0, 0
Battery-100-Alarm_v3.3pakage.apk,1, 1, 0, 1, 1, 0, 1, 0, 1, 0, 0, 0, 0, 0, 0, 0, 0, 0, 0, 0
Battery-Doctor-(Power-Saver)_v5.39pakage.apk,1, 1, 1, 1, 1, 0, 1, 0, 1, 1, 0, 1, 0, 1, 0, 0, 1, 0, 0, 0
Battery-Saver-Doctor_v1.2.1pakage.apk,1, 1, 0, 0, 0, 0, 0, 0, 0, 0, 0, 0, 0, 0, 0, 0, 0, 0, 0, 0
BBC-Hindi_v3.9.5.22pakage.apk,1, 1, 1, 1, 1, 0, 1, 0, 0, 0, 0, 0, 1, 0, 0, 0, 0, 0, 0, 0
BBC-News_v3.9.4.29+GNLpakage.apk,1, 1, 1, 1, 1, 0, 1, 0, 0, 0, 0, 0, 1, 0, 0, 0, 0, 0, 0, 0
Beard-Styles-Photo-Editor_v1.6pakage.apk,1, 1, 1, 0, 0, 0, 0, 0, 0, 0, 0, 0, 0, 1, 0, 0, 0, 0, 0, 0
Beauty-Camera_v5.0.9.0pakage.apk,1, 1, 1, 1, 1, 1, 1, 0, 1, 1, 0, 0, 0, 1, 0, 0, 1, 1, 0, 0
Beauty-Plus-Face-Maker_v2.9pakage.apk,1, 1, 1, 0, 0, 0, 0, 0, 0, 1, 0, 0, 0, 1, 0, 0, 1, 0, 0, 0
Beauty-Plus-Smooth-camera_v1.0.7pakage.apk,1, 1, 1, 0, 0, 0, 0, 0, 0, 0, 0, 0, 0, 1, 0, 0, 0, 0, 0, 0
BeautyDerm_v2.0pakage.apk,1, 0, 0, 0, 0, 0, 0, 0, 0, 0, 0, 0, 0, 0, 0, 0, 0, 0, 0, 0
BeautyPlus-Easy-Photo-Editor_v6.2.11pakage.apk,1, 1, 1, 1, 1, 1, 1, 0, 1, 1, 0, 0, 0, 1, 0, 0, 1, 1, 0, 0
BeautyPlus-Me-\xe2\x80\x93-Perfect-Camera_v1.0.2pakage.apk,1, 1, 1, 1, 1, 0, 1, 0, 1, 1, 0, 0, 0, 1, 0, 0, 1, 0, 0, 0
Bengali-Anandabazar-Patrika_v1.1.0pakage.apk,1, 1, 0, 0, 0, 0, 0, 0, 0, 0, 0, 0, 0, 0, 0, 0, 0, 0, 0, 0
Bengali-Calendar-(India)_v3.0.20pakage.apk,1, 1, 0, 0, 1, 0, 1, 0, 1, 0, 0, 0, 0, 0, 0, 0, 0, 0, 0, 0
Bengali-Calendar-Panjika-2017_v1.0.6pakage.apk,1, 1, 0, 1, 1, 0, 1, 0, 0, 0, 0, 0, 1, 0, 0, 0, 1, 0, 0, 0
Bengali-NewsPapers-Online_v1.0.1pakage.apk,1, 1, 0, 0, 0, 0, 0, 0, 0, 1, 0, 0, 0, 0, 0, 0, 0, 0, 0, 0
Best-DJ-Mix-Software_v1.0pakage.apk,1, 1, 0, 0, 0, 0, 0, 0, 0, 0, 0, 0, 0, 0, 0, 0, 0, 0, 0, 0
Best-Free-UC-Browser-Guide_v1.0pakage.apk,1, 1, 0, 0, 0, 0, 0, 0, 0, 0, 0, 0, 0, 0, 0, 0, 0, 0, 0, 0
Best-Launcher_v1.0pakage.apk,1, 1, 0, 0, 0, 0, 1, 0, 1, 0, 0, 0, 0, 1, 0, 0, 0, 0, 0, 0
Best-Whatsapp-Messenger-Guide_v1.2pakage.apk,1, 1, 0, 0, 0, 0, 0, 0, 0, 0, 0, 0, 0, 0, 0, 0, 0, 0, 0, 0
bhakti-song-mp3_v1.0pakage.apk,1, 1, 1, 0, 0, 0, 1, 0, 0, 0, 0, 1, 1, 0, 0, 0, 0, 1, 0, 0
Bible_v7.1.1pakage.apk,1, 1, 1, 0, 1, 1, 1, 1, 1, 1, 1, 0, 1, 1, 0, 0, 0, 0, 0, 0
Bike-Photo-Frame_v1.1pakage.apk,1, 1, 1, 1, 0, 0, 0, 0, 0, 1, 0, 0, 0, 1, 0, 0, 0, 0, 0, 0
Bimari-Lakshan-Aur-Upay_v1.0pakage.apk,1, 1, 0, 0, 0, 0, 1, 0, 0, 0, 0, 0, 0, 0, 0, 0, 0, 0, 0, 0
Bimari-se-kaise-bach-ke-Rahe_v1.0pakage.apk,1, 1, 0, 0, 0, 0, 0, 0, 0, 1, 0, 0, 0, 0, 0, 0, 0, 0, 0, 0
Bimariyo-ka-Jad-se-Ilaaj_v1.3pakage.apk,1, 1, 1, 0, 0, 1, 0, 1, 0, 0, 0, 0, 0, 0, 0, 0, 0, 0, 0, 0
Biology-Dictionary_v1.0pakage.apk,1, 1, 0, 0, 0, 0, 0, 0, 0, 1, 0, 0, 0, 0, 0, 0, 0, 0, 0, 0
Birthday-Greeting-Cards-Maker_v17.0.6pakage.apk,1, 1, 1, 1, 1, 0, 1, 0, 1, 0, 0, 0, 0, 1, 0, 0, 0, 0, 0, 0
BlackmartAlpha.net_v2.5pakage.apk,1, 1, 0, 0, 0, 0, 0, 0, 0, 1, 0, 0, 0, 0, 0, 0, 0, 0, 0, 0
Blend-Collage-Free_v2.1pakage.apk,1, 1, 1, 0, 0, 0, 0, 0, 0, 0, 0, 0, 0, 0, 0, 0, 0, 0, 0, 0
Blood-Group-Detector-Prank_v1.0pakage.apk,1, 1, 1, 0, 1, 1, 0, 0, 0, 0, 0, 0, 1, 0, 0, 0, 0, 0, 0, 0
Blood-Group-Scanner-Prank_v4pakage.apk,1, 1, 1, 0, 1, 0, 0, 0, 0, 0, 0, 0, 0, 1, 0, 0, 0, 0, 0, 0
Blood-Pressure-Check-Prank_v1.0pakage.apk,1, 1, 1, 0, 1, 1, 0, 0, 0, 0, 0, 0, 1, 0, 0, 0, 0, 0, 0, 0
Blood-Sugar-test-Prank_v1.4pakage.apk,1, 1, 0, 0, 1, 0, 0, 0, 0, 1, 0, 0, 0, 0, 0, 0, 0, 0, 0, 0
Blue-Windows-7-GoLauncher-Free_v1.01pakage.apk,1, 1, 1, 1, 1, 0, 0, 0, 0, 1, 0, 0, 0, 0, 0, 0, 0, 0, 0, 0
Bluetooth-App-Sender_v2.8pakage.apk,1, 1, 1, 1, 0, 1, 1, 1, 1, 1, 0, 0, 0, 0, 0, 0, 1, 0, 0, 0
Blur-Image-Background_v1.11pakage.apk,1, 1, 1, 0, 0, 0, 0, 0, 0, 0, 0, 0, 0, 0, 0, 0, 0, 0, 0, 0
BMTC-Bus-App-Bangalore_v2.0pakage.apk,1, 1, 0, 0, 0, 0, 0, 0, 0, 0, 0, 0, 0, 0, 0, 0, 0, 0, 0, 0
Boo-Music-Player_v0.170.1pakage.apk,1, 1, 1, 0, 1, 0, 1, 0, 0, 0, 0, 0, 0, 0, 0, 0, 0, 0, 0, 0
Book-A-Doctor_v2pakage.apk,1, 1, 1, 0, 1, 1, 1, 1, 0, 1, 0, 0, 0, 1, 0, 0, 0, 0, 0, 0
Book-Ola-Uber-or-Easy-Cabs_v0.0.9pakage.apk,1, 1, 1, 1, 0, 1, 0, 1, 0, 1, 1, 0, 1, 0, 0, 1, 0, 0, 0, 0
Booking.com-Hotel-Reservations_v11.4.1pakage.apk,1, 1, 1, 0, 1, 0, 1, 1, 1, 0, 0, 0, 1, 1, 0, 0, 0, 0, 0, 0
Boom-Music-Player_v1.3pakage.apk,1, 1, 1, 0, 0, 0, 1, 0, 0, 1, 0, 0, 0, 0, 0, 0, 0, 0, 0, 0
Boys-Photo-Editor_v1.0pakage.apk,1, 1, 1, 1, 1, 0, 1, 0, 0, 1, 0, 0, 0, 1, 0, 0, 0, 0, 0, 0
Browser-4G_v1.0pakage.apk,1, 1, 1, 1, 1, 1, 1, 1, 1, 1, 0, 1, 1, 0, 0, 0, 0, 0, 1, 1
Browser-Beta_v2.02pakage.apk,1, 1, 1, 0, 1, 1, 1, 1, 0, 1, 0, 1, 1, 1, 0, 0, 0, 1, 1, 1
BTV-NEWS_v1.5pakage.apk,1, 1, 1, 0, 1, 0, 1, 0, 0, 0, 0, 0, 1, 0, 0, 0, 0, 0, 0, 0
Burrp--Restaurants-Near-Me_v5.4pakage.apk,1, 1, 1, 1, 0, 1, 1, 1, 0, 1, 0, 0, 1, 0, 0, 0, 0, 0, 0, 0
BusExpress_v0.0.4pakage.apk,1, 1, 1, 0, 0, 0, 0, 0, 0, 0, 0, 0, 0, 0, 0, 0, 0, 0, 0, 0
Butterfly-Photo-Frames_v2.0pakage.apk,1, 1, 1, 1, 0, 0, 1, 0, 0, 1, 0, 0, 0, 1, 0, 0, 0, 0, 0, 0
Calculator-Vault--Gallery-Lock_v9.3pakage.apk,1, 1, 1, 0, 1, 0, 0, 0, 1, 1, 0, 0, 1, 1, 0, 0, 1, 0, 0, 0
Call-Limo_v1.0pakage.apk,1, 1, 1, 1, 0, 1, 0, 1, 0, 0, 0, 0, 0, 0, 0, 0, 0, 0, 0, 0
Call-Recorder---ACR_v18.7pakage.apk,1, 1, 1, 1, 0, 0, 1, 0, 1, 1, 1, 0, 1, 0, 0, 0, 0, 1, 0, 0
Call-Recorder---Automatic_v1.1.48pakage.apk,1, 1, 1, 1, 1, 0, 1, 0, 1, 0, 1, 0, 0, 0, 0, 0, 0, 1, 0, 0
Call-Recorder--Mpro_v1.0pakage.apk,1, 1, 1, 1, 0, 0, 1, 0, 0, 1, 1, 0, 0, 0, 0, 0, 0, 1, 0, 0
Call-Recorder_v1.3.13pakage.apk,1, 1, 1, 1, 1, 0, 0, 0, 1, 1, 1, 0, 0, 0, 1, 1, 0, 1, 0, 0
Call-Voice-Changer---IntCall_v8.0pakage.apk,1, 1, 1, 1, 0, 0, 1, 0, 0, 1, 1, 0, 0, 0, 0, 0, 0, 1, 0, 0
Callapps_v1pakage.apk,1, 1, 1, 1, 0, 1, 1, 1, 0, 0, 1, 0, 0, 1, 1, 0, 0, 0, 0, 0
Caller-ID--Mobile-Locator_v2.0.6pakage.apk,1, 1, 1, 1, 1, 1, 1, 1, 1, 1, 1, 1, 1, 0, 1, 1, 0, 0, 0, 0
Caller-ID--Number-Locator_v3.4.2pakage.apk,1, 1, 1, 1, 0, 1, 1, 1, 1, 1, 1, 1, 0, 0, 1, 1, 0, 0, 0, 0
Caller-ID--Number-Tracker_v1.0.987_Mpakage.apk,1, 1, 0, 1, 0, 1, 1, 1, 0, 0, 1, 0, 0, 0, 1, 1, 0, 0, 0, 0
Caller-ID-Pro_v1.78pakage.apk,1, 1, 0, 1, 0, 1, 0, 0, 1, 0, 1, 0, 0, 0, 1, 1, 0, 0, 0, 0
Caller-Name-Announcer---Free_v2.1.8pakage.apk,1, 1, 0, 1, 1, 0, 0, 0, 1, 0, 1, 1, 0, 0, 0, 0, 0, 0, 0, 0
Caller-Name-Announcer_v3.2pakage.apk,1, 1, 1, 1, 0, 0, 0, 0, 1, 0, 1, 0, 0, 1, 1, 0, 0, 0, 0, 0
Caller-Name-Ringtone_v1.3pakage.apk,1, 1, 1, 1, 0, 0, 0, 1, 0, 1, 1, 0, 0, 0, 0, 0, 0, 0, 0, 0
Caller-Name-Speaker-\xe2\x80\x93-Free_v2.0.2pakage.apk,1, 1, 1, 1, 1, 0, 0, 0, 1, 0, 1, 1, 0, 0, 0, 0, 0, 0, 0, 0
Caller-Name-Speaker_v1.1pakage.apk,1, 1, 0, 1, 0, 1, 0, 1, 0, 1, 1, 0, 0, 0, 0, 0, 0, 0, 0, 0
Caller-Screen-Photo-Editor_v1.0.1pakage.apk,1, 1, 1, 1, 0, 0, 1, 0, 0, 0, 1, 0, 0, 1, 1, 1, 0, 1, 0, 0
Calls-Blacklist---Call-Blocker_v3.1.10pakage.apk,1, 1, 1, 1, 0, 0, 1, 0, 1, 0, 1, 0, 1, 0, 1, 0, 0, 0, 0, 0
Camaras-DGT_v4pakage.apk,1, 1, 0, 0, 0, 0, 0, 0, 0, 0, 0, 0, 0, 0, 0, 0, 0, 0, 0, 0
Camera-360-Selfies---Bestie_v3.8.6pakage.apk,1, 1, 1, 1, 1, 0, 1, 0, 1, 1, 0, 0, 0, 1, 0, 0, 1, 1, 0, 0
Camera360---Photo-Editor_v8.0.6pakage.apk,1, 1, 1, 1, 0, 1, 1, 1, 1, 1, 1, 0, 0, 1, 0, 0, 1, 1, 0, 0
Candle-Blow-Screen-Lock_v2.13pakage.apk,1, 1, 0, 1, 0, 0, 1, 0, 1, 1, 0, 0, 1, 0, 0, 0, 0, 1, 0, 0
Candy-Camera_v3.14pakage.apk,1, 1, 1, 1, 1, 1, 1, 0, 1, 1, 0, 0, 1, 1, 0, 0, 1, 0, 1, 0
Candy-selfie---new-z-camera_v1.5.99pakage.apk,1, 1, 1, 1, 1, 1, 1, 0, 0, 1, 0, 0, 0, 1, 0, 0, 1, 0, 0, 0
Car-Booking-App_v1.0pakage.apk,1, 1, 0, 0, 0, 0, 0, 0, 0, 0, 0, 0, 0, 0, 1, 0, 0, 0, 0, 0
Car-Info-Vehicle-Registration_v1.2pakage.apk,1, 1, 0, 0, 0, 0, 0, 0, 0, 0, 0, 0, 0, 0, 0, 0, 0, 0, 0, 0
Car-Info_v1.1pakage.apk,1, 1, 1, 1, 0, 0, 0, 0, 0, 0, 0, 0, 0, 0, 0, 0, 0, 0, 0, 0
Car-Key-Lock-Remote-Simulator_v1.2.7pakage.apk,1, 1, 0, 0, 1, 0, 1, 0, 0, 0, 0, 0, 0, 0, 0, 0, 0, 0, 0, 0
Car-Photo-Background-Changer_v4.2pakage.apk,1, 0, 1, 0, 0, 0, 0, 0, 0, 0, 0, 0, 0, 1, 0, 0, 0, 0, 0, 0
Car-Registration-Info_v1.0pakage.apk,1, 1, 0, 0, 0, 1, 0, 0, 0, 1, 0, 0, 0, 0, 0, 0, 0, 0, 0, 0
Careem---Car-Booking-App_v7.3.2pakage.apk,1, 1, 1, 1, 1, 1, 1, 1, 0, 1, 0, 0, 0, 1, 1, 0, 0, 0, 0, 0
Cartoon-Photo-Editor_v6.3.6pakage.apk,1, 1, 1, 0, 0, 0, 1, 0, 0, 0, 0, 0, 0, 0, 0, 0, 0, 0, 0, 0
Cartoon-Photo-Filters_v1.5.8pakage.apk,1, 1, 1, 0, 0, 0, 1, 1, 0, 1, 0, 1, 1, 1, 0, 0, 0, 0, 0, 0
CCTV-Arus-Mudik_v1.0pakage.apk,1, 1, 1, 0, 0, 0, 1, 0, 0, 0, 0, 0, 0, 0, 0, 0, 0, 0, 0, 0
Cell-Phone-Location-Tracker_v12.0.2pakage.apk,1, 1, 1, 1, 0, 1, 1, 1, 1, 1, 0, 0, 1, 0, 0, 0, 0, 0, 1, 0
Cell-Tracker_v2.1pakage.apk,1, 1, 1, 1, 0, 1, 0, 1, 1, 1, 0, 0, 0, 0, 0, 0, 0, 0, 0, 0
Central-das-Not\xc3\xadcias_v3.0.1.1pakage.apk,1, 1, 1, 1, 0, 1, 1, 0, 1, 1, 0, 0, 0, 0, 0, 0, 0, 0, 0, 0
Chaatz---Messenger-to-Express_v2.0.9pakage.apk,1, 1, 1, 1, 1, 1, 1, 1, 1, 1, 1, 0, 1, 1, 1, 1, 1, 1, 0, 0
ChannelsTV-Mobile-for-Androids_v2.0.1pakage.apk,1, 1, 1, 1, 1, 1, 1, 1, 0, 1, 0, 0, 1, 0, 0, 0, 0, 0, 0, 0
ChatON_v3.5.839pakage.apk,1, 1, 1, 1, 1, 1, 1, 1, 1, 1, 1, 1, 1, 1, 1, 1, 1, 1, 0, 0
Cheerful-Boats_v2.5pakage.apk,1, 1, 1, 1, 0, 1, 0, 0, 1, 1, 1, 0, 0, 0, 1, 1, 0, 0, 0, 0
Chemistry-Answers-12-for-NCERT_v1.4pakage.apk,1, 1, 0, 0, 0, 0, 0, 0, 0, 0, 0, 0, 0, 0, 0, 0, 0, 0, 0, 0
Chemistry-Lab-Suite_v3.0.1pakage.apk,1, 1, 0, 0, 0, 0, 0, 0, 0, 0, 0, 0, 0, 0, 0, 0, 0, 0, 0, 0
Chennai-MTC-Info_v9.0pakage.apk,1, 1, 1, 0, 1, 1, 0, 1, 0, 0, 0, 0, 1, 0, 0, 0, 0, 0, 0, 0
Chestnut-Flashlight_v1.3.6pakage.apk,1, 1, 1, 1, 0, 0, 0, 0, 0, 1, 0, 0, 0, 1, 0, 0, 0, 0, 0, 0
Chrome-Browser---Google_v54.0.2840.85pakage.apk,1, 1, 1, 0, 1, 1, 1, 1, 1, 0, 0, 0, 1, 1, 0, 0, 0, 1, 1, 1
City-Guide_v1.7pakage.apk,1, 1, 1, 1, 0, 1, 1, 1, 0, 1, 0, 0, 1, 0, 1, 0, 1, 0, 0, 0
Clap-and-find-phone_v11.0pakage.apk,1, 1, 1, 1, 1, 0, 0, 0, 0, 1, 0, 0, 0, 1, 0, 0, 1, 1, 0, 0
Clap-to-find-phone_v3.0pakage.apk,1, 1, 0, 0, 1, 1, 1, 1, 0, 1, 0, 0, 0, 1, 0, 0, 0, 1, 0, 0
clash-fhx-of-coc_v1.0pakage.apk,1, 1, 1, 0, 1, 1, 1, 1, 0, 0, 0, 0, 0, 0, 0, 0, 0, 0, 0, 0
Clash-Of-FHX-COC_v1.3.0pakage.apk,1, 1, 1, 0, 0, 0, 0, 0, 0, 0, 0, 0, 0, 0, 0, 0, 0, 0, 0, 0
Clean-Android_v1.1.1.9pakage.apk,1, 1, 1, 1, 0, 0, 1, 0, 1, 1, 0, 0, 0, 1, 0, 0, 1, 0, 0, 0
Clean-Master-Lite-(Boost)_v2.0.7pakage.apk,1, 1, 1, 1, 1, 1, 1, 1, 0, 1, 0, 1, 1, 1, 0, 0, 1, 0, 1, 1
Clean-Master-Theme\xef\xbc\x88Authorized\xef\xbc\x89_v1.2.4pakage.apk,1, 1, 1, 1, 1, 0, 1, 0, 0, 1, 0, 0, 0, 0, 0, 0, 0, 0, 0, 0
Clean-Master-x86-(Intel-CPU)_v5.12.7pakage.apk,1, 1, 1, 1, 1, 0, 1, 0, 0, 1, 0, 1, 1, 1, 0, 0, 1, 0, 1, 1
Cleartrip---Travel-+-Local_v16.11.1pakage.apk,1, 1, 1, 1, 1, 1, 1, 1, 0, 1, 0, 0, 1, 0, 0, 0, 0, 1, 0, 0
Clinical-Examination--Skill_v2.0.1pakage.apk,1, 1, 0, 0, 0, 0, 1, 0, 0, 1, 0, 0, 0, 0, 0, 0, 0, 0, 0, 0
CM-Launcher-3D-Theme_Wallpaper_v3.26.6pakage.apk,1, 1, 1, 1, 1, 1, 1, 1, 0, 1, 1, 1, 1, 1, 0, 0, 1, 0, 0, 0
CMS-(Mobile)_v1.0pakage.apk,1, 1, 1, 0, 0, 0, 0, 0, 0, 0, 0, 0, 0, 1, 1, 0, 0, 0, 0, 0
CNN-Breaking-US--World-News_v2.9.4pakage.apk,1, 1, 1, 1, 1, 1, 1, 0, 0, 1, 0, 0, 1, 0, 0, 0, 0, 0, 0, 0
Collage-Photo-Maker-Pic-Grid_v1.4.4pakage.apk,1, 1, 1, 0, 0, 0, 0, 0, 0, 0, 0, 0, 0, 0, 0, 0, 0, 0, 0, 0
Color-Flash-Alert--Call_v1.0pakage.apk,1, 0, 0, 1, 0, 0, 0, 0, 1, 0, 0, 0, 0, 1, 0, 0, 1, 0, 0, 0
Color-Flash-Light-Alerts-Call_v1.1pakage.apk,1, 0, 0, 1, 0, 0, 0, 0, 1, 0, 0, 0, 0, 1, 0, 0, 1, 0, 0, 0
Color-Flashlight-Alert_v1.0pakage.apk,1, 0, 0, 1, 0, 0, 0, 0, 1, 0, 0, 0, 0, 1, 0, 0, 1, 0, 0, 0
Color-Flashlight_v1.0pakage.apk,1, 1, 1, 1, 0, 0, 1, 0, 0, 1, 0, 0, 0, 1, 0, 0, 1, 0, 0, 0
Color-Splash-Effects_v1.0pakage.apk,1, 1, 1, 0, 0, 0, 1, 0, 0, 1, 0, 0, 0, 0, 0, 0, 0, 0, 0, 0
Color-Touch-Photo-Effects_v1.2pakage.apk,1, 1, 1, 0, 0, 0, 1, 0, 0, 0, 0, 0, 0, 1, 0, 0, 0, 0, 0, 0
Colorful-Rain_v1.1.4pakage.apk,1, 1, 1, 1, 1, 0, 1, 0, 1, 1, 0, 0, 0, 0, 0, 0, 0, 0, 0, 0
COMS_v1.0pakage.apk,1, 0, 1, 0, 0, 0, 0, 0, 0, 0, 0, 0, 0, 0, 0, 0, 0, 0, 0, 0
ConfirmTkt---Train-app_v3.1.9pakage.apk,1, 1, 1, 0, 0, 0, 1, 1, 0, 0, 0, 0, 1, 0, 0, 0, 0, 0, 0, 0
Contacts-+_v5.37.0pakage.apk,1, 1, 1, 1, 1, 1, 1, 1, 1, 1, 1, 0, 1, 0, 1, 1, 0, 0, 0, 0
Cool-Backgrounds-HD-Wallpapers_v1.2pakage.apk,1, 1, 1, 0, 0, 0, 0, 0, 0, 1, 0, 0, 0, 0, 0, 0, 1, 0, 0, 0
Cool-SMS_v1.04pakage.apk,1, 1, 1, 1, 1, 1, 1, 0, 1, 1, 1, 0, 1, 1, 1, 1, 1, 1, 0, 0
Cooler-Master-\xe2\x80\x93-CPU-Cooler_v1.2.5pakage.apk,1, 1, 1, 1, 1, 1, 1, 1, 1, 1, 1, 1, 1, 1, 1, 1, 1, 0, 0, 0
Copy-Paste-Photo-Collage_v4.0pakage.apk,1, 1, 1, 0, 0, 0, 0, 0, 0, 0, 0, 0, 0, 0, 0, 0, 0, 0, 0, 0
Couchgram_-For-Your-Calls-Only_v3.1.2pakage.apk,1, 1, 1, 1, 1, 0, 1, 0, 1, 1, 1, 1, 1, 0, 1, 1, 1, 0, 0, 0
Couple-Photo-Suit_v1.0.6pakage.apk,1, 1, 1, 0, 0, 0, 0, 0, 0, 1, 0, 0, 0, 0, 0, 0, 0, 0, 0, 0
Couple-Photo-Suit_v1.10.0pakage.apk,1, 1, 1, 1, 0, 0, 1, 0, 0, 1, 0, 0, 0, 1, 0, 0, 1, 0, 0, 0
Couple-Photo-Suit_v1.1pakage.apk,1, 1, 1, 1, 0, 0, 1, 0, 0, 1, 0, 0, 0, 1, 0, 0, 0, 0, 0, 0
CPC-ICD-10-Exam-Prep_v1.3.1pakage.apk,1, 1, 1, 1, 1, 0, 1, 0, 1, 0, 0, 1, 0, 0, 0, 0, 0, 0, 0, 0
Crazy-Face-Changer_v1.0.2pakage.apk,1, 1, 1, 1, 1, 1, 1, 1, 1, 1, 1, 0, 1, 1, 0, 0, 1, 0, 0, 0
Crazy-Photo-Mirror_v3.2pakage.apk,1, 1, 1, 0, 0, 0, 0, 0, 0, 0, 0, 0, 0, 1, 0, 0, 0, 0, 0, 0
Cricket-Live-Match_v1.4pakage.apk,1, 1, 1, 0, 1, 1, 1, 1, 1, 0, 0, 0, 0, 0, 0, 0, 0, 0, 0, 0
Cross-DJ-Free---Mix-your-music_v3.0.6pakage.apk,1, 1, 1, 0, 0, 0, 1, 0, 0, 0, 0, 0, 0, 0, 0, 0, 1, 1, 0, 0
Crystal-Apple-91Launcher-Theme_v1.0pakage.apk,1, 1, 1, 1, 0, 0, 0, 0, 0, 1, 0, 1, 0, 0, 0, 0, 0, 0, 0, 0
Ctrip---Hotels_Flights_Trains_v4.3.2pakage.apk,1, 1, 1, 1, 1, 1, 1, 1, 1, 1, 1, 1, 0, 1, 0, 0, 0, 0, 0, 0
Curofy---Discuss-Medical-Cases_v2.6.23pakage.apk,1, 1, 1, 1, 1, 1, 1, 1, 0, 0, 1, 0, 1, 1, 1, 1, 0, 0, 0, 0
Currency-Converter_v1.3.0pakage.apk,1, 1, 0, 0, 0, 0, 0, 0, 0, 0, 0, 0, 0, 0, 0, 0, 0, 0, 0, 0
Cymera---Photo--Beauty-Editor_v3.1.3pakage.apk,1, 1, 1, 1, 1, 1, 1, 1, 0, 1, 1, 0, 1, 1, 0, 0, 0, 0, 0, 0
Daily-Hindi-News-Hunt-India-HD_v1.0pakage.apk,1, 1, 0, 0, 0, 0, 0, 0, 0, 0, 0, 0, 0, 0, 0, 0, 0, 0, 0, 0
Daily-Hindi-Rashifal-2016_v1.4pakage.apk,1, 1, 1, 1, 0, 0, 1, 0, 1, 0, 0, 0, 0, 0, 0, 0, 0, 0, 0, 0
Daily-Masala_v1.3.1.0pakage.apk,1, 1, 1, 1, 1, 1, 1, 1, 1, 1, 0, 1, 0, 0, 0, 0, 1, 0, 0, 0
Daily-News-Hunt-For-Bollywood_v1.0pakage.apk,1, 1, 0, 0, 0, 0, 0, 0, 0, 0, 0, 0, 0, 0, 0, 0, 0, 0, 0, 0
Daily-News-Tamil-Newspaper_v1.1pakage.apk,1, 1, 1, 0, 1, 1, 1, 1, 1, 0, 0, 0, 0, 0, 0, 0, 0, 0, 0, 0
Dainik-Bhaskar---Hindi-News_v1.0pakage.apk,1, 1, 1, 0, 0, 0, 1, 1, 1, 1, 0, 0, 0, 0, 0, 0, 0, 1, 0, 0
Dainik-Bhaskar_v1.0pakage.apk,1, 1, 1, 0, 0, 0, 0, 0, 0, 0, 0, 0, 0, 0, 0, 0, 0, 0, 0, 0
Dainik-Jagran-Hindi-News_v1pakage.apk,1, 1, 1, 1, 1, 0, 1, 1, 1, 1, 0, 0, 1, 0, 0, 0, 0, 1, 0, 0
Dainik-Jagran-Hindi-News_v2pakage.apk,1, 1, 1, 1, 1, 0, 1, 0, 1, 1, 0, 1, 0, 0, 0, 0, 0, 1, 0, 0
Dard-Ka-Upchaar_v1.0pakage.apk,1, 1, 0, 0, 0, 0, 0, 0, 0, 1, 0, 0, 0, 0, 0, 0, 0, 0, 0, 0
Dard-Love-Shayri-In-Hindi_v1.0pakage.apk,1, 1, 1, 1, 0, 0, 1, 0, 0, 1, 0, 0, 0, 0, 0, 0, 0, 0, 0, 0
Deezer---Songs--Music-Player_v5.3.12.148pakage.apk,1, 1, 1, 0, 1, 0, 1, 0, 1, 1, 0, 0, 1, 0, 0, 0, 1, 0, 0, 0
Default-Music-Player_v10.0pakage.apk,1, 1, 1, 1, 0, 0, 1, 0, 0, 1, 0, 1, 0, 0, 0, 0, 0, 0, 0, 0
Delhi-DTC-Info_v5.0pakage.apk,1, 1, 1, 0, 1, 1, 0, 1, 0, 0, 0, 0, 1, 0, 0, 0, 0, 0, 0, 0
Delhi-map_v0.0.8pakage.apk,1, 1, 0, 0, 0, 0, 0, 0, 0, 0, 0, 0, 0, 0, 0, 0, 0, 0, 0, 0
Delhi-Metro-DTC-Bus-Guide_v1.9.1pakage.apk,1, 1, 1, 0, 0, 1, 1, 1, 0, 0, 0, 0, 0, 0, 0, 0, 0, 0, 0, 0
Delhi-Metro-Map_v1.1pakage.apk,1, 1, 0, 0, 0, 0, 0, 0, 0, 0, 0, 0, 0, 0, 0, 0, 0, 0, 0, 0
Delhi-Metro-Rail_v3.0pakage.apk,1, 1, 1, 0, 1, 1, 1, 1, 0, 0, 0, 1, 1, 0, 1, 0, 1, 0, 0, 0
Delhi-Metro_v00.06.0006pakage.apk,1, 1, 1, 0, 0, 0, 0, 0, 0, 0, 0, 0, 0, 0, 1, 0, 0, 0, 0, 0
Delhi-NCR-Metro_v5.7pakage.apk,1, 1, 1, 1, 1, 1, 1, 1, 0, 0, 0, 0, 1, 0, 0, 0, 0, 0, 0, 0
Dental-Health-Clinic-Pune_v1.0pakage.apk,1, 1, 0, 0, 0, 0, 1, 0, 0, 1, 0, 0, 0, 0, 0, 0, 0, 0, 0, 0
Depression-Help-and-tips_v1.0pakage.apk,1, 1, 0, 0, 0, 0, 1, 0, 0, 0, 0, 0, 0, 0, 0, 0, 0, 0, 0, 0
desi-urdu-stories_v1.4pakage.apk,1, 1, 0, 0, 0, 0, 0, 0, 0, 0, 0, 0, 0, 0, 0, 0, 0, 0, 0, 0
Despegar.com-Hoteles-y-Vuelos_v5.5.2pakage.apk,1, 1, 0, 0, 1, 1, 1, 1, 0, 0, 0, 0, 0, 1, 0, 0, 1, 0, 0, 0
Dhruva_v1.0.9pakage.apk,1, 1, 1, 1, 1, 0, 1, 0, 0, 0, 0, 1, 0, 0, 1, 0, 1, 0, 0, 0
Diabetes-Control_v1.0.3pakage.apk,1, 1, 0, 0, 1, 0, 1, 0, 0, 0, 0, 0, 0, 0, 0, 0, 0, 0, 0, 0
Dictionary---WordWeb_v3.0pakage.apk,1, 1, 1, 0, 0, 0, 1, 0, 0, 0, 0, 0, 0, 0, 0, 0, 0, 0, 0, 0
Digital-Compass_v4.1.3pakage.apk,1, 1, 1, 0, 0, 0, 1, 1, 0, 0, 0, 0, 0, 0, 0, 0, 0, 0, 0, 0
Digital-GPS-Speedometer--HUD_v1.5.9pakage.apk,1, 1, 1, 0, 0, 1, 0, 1, 0, 0, 0, 0, 0, 0, 0, 0, 0, 0, 0, 0
Digital-Speedometer_v17.5.8pakage.apk,1, 1, 1, 1, 0, 1, 1, 1, 0, 0, 0, 0, 0, 0, 0, 0, 0, 0, 0, 0
Dinakaran---Tamil-News_vVaries+with+devicepakage.apk,1, 1, 1, 1, 1, 1, 1, 1, 0, 0, 0, 1, 1, 0, 0, 0, 0, 0, 0, 0
Dinamalar-for-Phones_v2.6.3pakage.apk,1, 1, 1, 1, 1, 1, 1, 1, 0, 1, 0, 0, 1, 0, 0, 0, 0, 0, 1, 0
DiscDj-3D-Music-Player-Beta_vv1.006spakage.apk,1, 1, 1, 1, 1, 0, 1, 0, 0, 0, 0, 1, 0, 0, 0, 0, 0, 0, 0, 0
Disease-Dictionary_v1.0pakage.apk,1, 1, 0, 0, 1, 0, 1, 0, 1, 0, 0, 0, 1, 0, 0, 0, 0, 0, 0, 0
Diseases-Dictionary-(FREE)_v1.10.3pakage.apk,1, 1, 1, 0, 0, 0, 0, 0, 0, 1, 0, 0, 0, 0, 0, 0, 0, 0, 0, 0
Diseases-Dictionary-\xe2\x9c\xaa-Medical_v2.0pakage.apk,1, 1, 0, 0, 0, 0, 0, 0, 0, 0, 0, 0, 0, 0, 0, 0, 0, 0, 0, 0
Divya-Bhaskar---Gujarati-News_v1.7pakage.apk,1, 1, 1, 1, 1, 1, 1, 0, 0, 1, 0, 0, 1, 1, 0, 0, 0, 0, 0, 0
Diwali-Couple-Photo-Suit_v1.0pakage.apk,1, 1, 1, 1, 0, 1, 0, 1, 1, 1, 0, 0, 1, 0, 0, 0, 0, 0, 1, 0
Diwali\xc2\xa0Photo-Frame-Editor_v1.6pakage.apk,1, 1, 1, 0, 0, 0, 1, 0, 0, 0, 0, 0, 0, 1, 0, 0, 0, 0, 0, 0
DJ-Basic---DJ-Player_v0.4.7pakage.apk,1, 1, 1, 1, 0, 0, 0, 0, 1, 0, 0, 0, 0, 0, 0, 0, 0, 0, 0, 0
Dj-House-Music-Player-Mixer_v1.0pakage.apk,1, 0, 0, 0, 0, 0, 0, 0, 0, 0, 0, 0, 0, 0, 0, 0, 0, 0, 0, 0
Dj-Mix-Drum-Pad-Electro-Joox_v1.0pakage.apk,1, 1, 0, 0, 1, 0, 0, 0, 0, 0, 0, 0, 0, 0, 0, 0, 0, 0, 0, 0
DJ-Mix-Music-VIP_v1.2.1pakage.apk,1, 1, 0, 0, 0, 0, 1, 0, 0, 0, 0, 0, 0, 0, 0, 0, 0, 0, 0, 0
DJ-Mix-Pad_v1.6.0pakage.apk,1, 1, 1, 0, 0, 0, 0, 0, 0, 0, 0, 0, 0, 0, 0, 0, 0, 1, 0, 0
Dj-Mixer-Hip-Hop-Music_v1.0pakage.apk,1, 0, 0, 0, 0, 0, 0, 0, 0, 0, 0, 0, 0, 0, 0, 0, 0, 0, 0, 0
Dj-Mixer-House-Music_v1.2pakage.apk,1, 1, 1, 0, 0, 0, 0, 0, 0, 0, 0, 0, 0, 0, 0, 0, 0, 1, 0, 0
Dj-Mixer-House-Music_v1.2pakage_2.apk,1, 1, 1, 0, 0, 0, 0, 0, 0, 0, 0, 0, 0, 0, 0, 0, 0, 1, 0, 0
DJ-Mixer-Player-Pro_v1.0pakage.apk,1, 1, 1, 0, 0, 0, 0, 0, 0, 0, 0, 0, 0, 0, 0, 0, 0, 1, 0, 0
DJ-Mixer-Player_v1.1pakage.apk,1, 1, 1, 0, 0, 0, 0, 0, 0, 0, 0, 0, 0, 0, 0, 0, 0, 1, 0, 0
Dj-Mixer_v1.2.7pakage.apk,1, 1, 1, 0, 0, 1, 1, 0, 0, 0, 0, 0, 0, 0, 0, 0, 0, 0, 0, 0
DJ-Mixing-2016_v3.1.1pakage.apk,1, 1, 1, 0, 1, 1, 1, 1, 0, 0, 0, 0, 0, 0, 0, 0, 0, 0, 0, 0
DJ-Photo-Frame_v1.1pakage.apk,1, 1, 1, 0, 0, 0, 0, 0, 0, 0, 0, 0, 0, 0, 0, 0, 0, 0, 0, 0
DJ-Player-Mixer_v1.5pakage.apk,1, 1, 1, 0, 0, 0, 0, 0, 0, 0, 0, 0, 0, 0, 0, 0, 0, 1, 0, 0
DJ-Remix-Pads_v1.0.0pakage.apk,1, 1, 1, 0, 0, 0, 0, 0, 0, 0, 0, 0, 0, 0, 0, 0, 0, 1, 0, 0
DJ-Studio-5---Free-music-mixer_v5.1.6pakage.apk,1, 1, 1, 1, 0, 0, 1, 0, 0, 0, 0, 1, 0, 0, 0, 0, 0, 1, 0, 0
Doctor-bane-in-30-days_v0.0.3pakage.apk,1, 1, 1, 0, 0, 0, 1, 0, 0, 0, 0, 0, 0, 0, 0, 0, 0, 0, 0, 0
Doctor-Dictionary_v2.0pakage.apk,1, 1, 0, 0, 0, 0, 1, 0, 0, 0, 0, 0, 0, 0, 0, 0, 0, 0, 0, 0
DOKY_v1.0.1pakage.apk,1, 1, 1, 0, 0, 0, 1, 0, 0, 0, 0, 0, 0, 1, 1, 0, 0, 1, 0, 0
Dont-Touch-My-Mobile-Phone_v3.0pakage.apk,1, 1, 0, 0, 1, 0, 1, 0, 0, 0, 0, 0, 0, 0, 0, 0, 0, 0, 0, 0
Dont-touch-my-phone---Alarm_v4.0pakage.apk,1, 1, 0, 0, 1, 0, 0, 0, 0, 0, 0, 0, 0, 0, 0, 0, 0, 0, 0, 0
Dont-touch-my-phone-2016_v3pakage.apk,1, 1, 0, 0, 0, 0, 0, 0, 0, 0, 0, 0, 0, 0, 0, 0, 0, 0, 0, 0
Dont-touch-my-phone_v3pakage.apk,1, 1, 0, 0, 0, 0, 0, 0, 0, 0, 0, 0, 0, 0, 0, 0, 0, 0, 0, 0
Door-Lock-Screen_v1.0.6pakage.apk,1, 1, 0, 1, 1, 0, 1, 0, 1, 1, 0, 0, 0, 0, 0, 0, 1, 0, 0, 0
Door-Lock-Screen_v2.3.4pakage.apk,1, 1, 1, 1, 0, 0, 1, 0, 1, 0, 0, 1, 0, 0, 0, 0, 0, 0, 0, 0
Download-Music-from-Jamendo_v1.0.5+[BETA]pakage.apk,1, 1, 1, 1, 0, 0, 1, 0, 0, 1, 0, 0, 0, 0, 0, 0, 0, 1, 0, 0
Dr.-News_v1.0.0pakage.apk,1, 1, 1, 1, 1, 1, 1, 1, 0, 1, 0, 1, 1, 0, 0, 0, 0, 0, 0, 0
Dr.-Safety\xef\xbc\x8dBEST-FREE-ANTIVIRUS_v2.1.1157pakage.apk,1, 1, 1, 1, 1, 0, 1, 1, 1, 1, 1, 1, 1, 0, 1, 1, 1, 0, 1, 1
Draw-Ur-Path-_v2.0pakage.apk,1, 1, 1, 0, 0, 1, 0, 1, 0, 0, 0, 0, 0, 0, 0, 0, 0, 0, 0, 0
Drivemode-Driving-interface_v4.8.4pakage.apk,1, 1, 1, 1, 1, 1, 1, 1, 1, 1, 1, 0, 1, 0, 1, 0, 1, 1, 0, 0
Driving-Route-Finder_v1.3.4.1pakage.apk,1, 1, 0, 0, 0, 1, 0, 1, 0, 1, 0, 0, 0, 0, 0, 0, 0, 0, 0, 0
Driving-Route-Finder_v1.878pakage.apk,1, 1, 1, 1, 0, 0, 0, 1, 0, 1, 0, 0, 0, 0, 0, 0, 0, 0, 0, 0
Drug-Dictionary-2016_v1.1pakage.apk,1, 1, 1, 0, 0, 0, 0, 0, 0, 1, 0, 0, 0, 0, 0, 0, 0, 0, 0, 0
Drug-Dictionary-2016_v2.0.0pakage.apk,1, 1, 0, 0, 1, 1, 0, 1, 0, 0, 0, 0, 0, 0, 0, 0, 0, 0, 0, 0
Drug-Index--Guide_v2.5.7pakage.apk,1, 1, 1, 0, 0, 1, 1, 0, 0, 0, 0, 0, 1, 0, 0, 0, 0, 0, 0, 0
Drugs-in-Emergency-and-ICU_v2.0pakage.apk,0, 0, 1, 1, 0, 0, 0, 0, 0, 0, 0, 0, 0, 0, 1, 0, 0, 0, 0, 0
Drugs-Side-Effects-Dictionary_v2.0pakage.apk,1, 1, 0, 0, 0, 0, 1, 0, 0, 0, 0, 0, 0, 0, 0, 0, 0, 0, 0, 0
DSLR-Camera-HD-Pro_v1.0.0pakage.apk,1, 1, 1, 0, 0, 0, 0, 1, 0, 0, 0, 0, 0, 1, 0, 0, 0, 1, 0, 0
DU-Caller---Caller-ID--Block_v2.3.0pakage.apk,1, 1, 1, 1, 1, 1, 1, 1, 1, 1, 1, 1, 1, 0, 1, 1, 1, 1, 0, 0
DU-Speed-Booster--Cleaner_v2.9.9.5.2pakage.apk,1, 1, 1, 1, 1, 0, 1, 0, 1, 1, 0, 1, 1, 1, 0, 1, 1, 0, 0, 0
Dual-Books-photo-frames-effect_v1.13pakage.apk,1, 1, 1, 0, 0, 1, 1, 1, 0, 1, 0, 0, 0, 0, 0, 0, 0, 0, 0, 0
Dual-Photo-Lock-Screen_v1.1pakage.apk,1, 1, 1, 1, 1, 0, 0, 0, 1, 1, 0, 0, 0, 0, 0, 0, 0, 0, 0, 0
DUNYANEWS-Dunya-tv_v2.2.27pakage.apk,1, 1, 1, 1, 1, 0, 1, 0, 1, 1, 0, 0, 1, 0, 0, 0, 1, 0, 1, 1
Earn-Talktime_v1.0.1pakage.apk,1, 1, 1, 1, 1, 1, 1, 1, 1, 1, 0, 0, 1, 0, 0, 0, 1, 0, 0, 0
Earth-View-Live-Maps_v4.0pakage.apk,1, 1, 0, 1, 1, 0, 1, 0, 1, 0, 1, 0, 1, 0, 0, 0, 0, 0, 0, 0
EarthLocation-GPS-Tracker-Info_v97.0pakage.apk,1, 0, 1, 1, 1, 1, 1, 1, 0, 0, 0, 0, 0, 1, 0, 0, 0, 0, 0, 0
Easy-Piano_v2.0pakage.apk,1, 1, 0, 0, 0, 0, 0, 0, 0, 0, 0, 0, 0, 0, 0, 0, 0, 0, 0, 0
Easy-Volume-Booster_v1.16pakage.apk,1, 1, 0, 0, 1, 0, 0, 1, 0, 0, 0, 0, 0, 0, 0, 0, 0, 0, 0, 0
EasyShare_v1.0.296.5_wxpakage.apk,1, 1, 1, 1, 1, 0, 1, 0, 0, 1, 1, 1, 1, 1, 0, 1, 1, 0, 0, 0
EBook-Reader--PDF-Reader_v1.6.3.8pakage.apk,1, 1, 1, 1, 0, 0, 0, 0, 0, 0, 0, 0, 0, 0, 0, 0, 0, 0, 0, 0
ECG-RR-Reader-(b)_v5pakage.apk,0, 0, 0, 0, 0, 0, 0, 0, 0, 0, 0, 0, 0, 1, 0, 0, 0, 0, 0, 0
Economic-Times-News--NSE_-BSE_v2.6.9pakage.apk,1, 1, 1, 1, 1, 1, 1, 1, 0, 1, 0, 0, 1, 0, 0, 0, 0, 0, 0, 0
edjing-Mix-DJ-music-mixer_v6.1.0pakage.apk,1, 1, 1, 1, 1, 1, 1, 0, 1, 1, 0, 0, 1, 1, 0, 0, 0, 0, 1, 1
Ei-Samay---Bengali-News-Paper_v3.0.4pakage.apk,1, 1, 1, 1, 1, 1, 1, 1, 0, 1, 0, 0, 1, 0, 0, 0, 0, 0, 0, 0
Electric-Clock-Live-Wallpaper_v4.168.83.73pakage.apk,1, 1, 1, 0, 1, 1, 1, 0, 1, 0, 0, 0, 0, 0, 0, 0, 0, 0, 0, 0
Electronic-Organ_v4.3pakage.apk,1, 1, 0, 0, 0, 0, 0, 0, 0, 0, 0, 0, 0, 0, 0, 0, 0, 0, 0, 0
Employment-News-In-India_v15.3.0pakage.apk,1, 1, 1, 0, 1, 0, 1, 0, 0, 0, 0, 0, 0, 0, 0, 0, 0, 0, 0, 0
Enduro-Tracker_v1.19.19pakage.apk,1, 1, 0, 0, 0, 1, 1, 1, 0, 0, 0, 0, 0, 0, 0, 0, 0, 0, 0, 0
Energy-Protector_v1.0.3pakage.apk,1, 1, 1, 1, 1, 1, 1, 1, 1, 1, 1, 1, 1, 1, 1, 1, 1, 0, 0, 0
Energy-Saver_v1.0.4pakage.apk,1, 1, 1, 1, 1, 1, 1, 1, 1, 1, 1, 1, 1, 1, 1, 1, 1, 0, 0, 0
English-Application-Writing_v1.0pakage.apk,1, 1, 0, 0, 0, 0, 0, 0, 0, 0, 0, 0, 0, 0, 0, 0, 0, 0, 0, 0
English-Bangla-Dictionary_vrheapakage.apk,1, 1, 1, 0, 0, 0, 1, 0, 1, 1, 0, 0, 0, 0, 0, 0, 0, 0, 0, 0
English-Dictionary---Offline_v3.2.2pakage.apk,1, 1, 1, 0, 0, 0, 0, 0, 0, 0, 0, 0, 0, 0, 0, 0, 0, 0, 0, 0
English-Gujarati-Dictionary_vrheapakage.apk,1, 1, 1, 0, 0, 0, 1, 0, 1, 1, 0, 0, 0, 0, 0, 0, 0, 0, 0, 0
English-Speaking-Course_v1.0pakage.apk,1, 1, 0, 0, 0, 0, 0, 0, 0, 1, 0, 0, 0, 0, 0, 0, 0, 0, 0, 0
English-Tamil-Dictionary_veclairpakage.apk,1, 1, 1, 0, 0, 0, 1, 0, 1, 1, 0, 0, 0, 0, 0, 0, 0, 0, 0, 0
English-Telugu-Dictionary_veclairpakage.apk,1, 1, 1, 0, 0, 0, 1, 0, 1, 1, 0, 0, 0, 0, 0, 0, 0, 0, 0, 0
English-to-Bangla-Dictionary-1_v2.3pakage.apk,1, 1, 0, 0, 0, 0, 0, 0, 0, 0, 0, 0, 0, 0, 0, 0, 0, 0, 0, 0
English-to-Bengali-Dictionary_v1.2pakage.apk,1, 1, 0, 0, 0, 0, 1, 0, 0, 0, 0, 0, 0, 0, 0, 0, 0, 0, 0, 0
English-to-Hindi-Dictionary_v1.10pakage.apk,1, 1, 1, 1, 1, 0, 1, 0, 1, 0, 0, 0, 1, 1, 0, 0, 0, 1, 0, 0
English-To-Hindi-Dictionary_v1.9pakage.apk,1, 1, 0, 0, 0, 0, 0, 0, 0, 0, 0, 0, 0, 0, 0, 0, 0, 0, 0, 0
English-to-Hindi-Dictionary_v7pakage.apk,1, 1, 0, 0, 0, 0, 0, 0, 0, 0, 0, 0, 0, 0, 0, 0, 0, 0, 0, 0
English-To-Kannada-Dictionary_v3.2pakage.apk,1, 1, 0, 0, 0, 0, 0, 0, 0, 0, 0, 0, 0, 0, 0, 0, 0, 0, 0, 0
English-To-Marathi-Dictionary_v1.6pakage.apk,1, 1, 0, 0, 1, 0, 1, 0, 0, 0, 0, 0, 0, 0, 0, 0, 0, 0, 0, 0
English-To-Oriya-Dictionary_v1.17pakage.apk,1, 1, 0, 0, 1, 0, 1, 0, 0, 0, 0, 0, 0, 0, 0, 0, 0, 0, 0, 0
English-to-Oriya-Dictionary_v1.3pakage.apk,1, 1, 0, 0, 0, 0, 1, 0, 0, 0, 0, 0, 0, 0, 0, 0, 0, 0, 0, 0
English-To-Tamil-Dictionary_v1.6pakage.apk,1, 1, 0, 0, 1, 0, 1, 0, 0, 0, 0, 0, 0, 0, 0, 0, 0, 0, 0, 0
English-to-Tamil-Dictionary_v4.2pakage.apk,1, 1, 0, 0, 1, 0, 1, 0, 1, 0, 0, 0, 1, 0, 0, 0, 0, 0, 0, 0
EnglishBangla-Dictionary_v1.0pakage.apk,1, 1, 0, 0, 0, 0, 0, 0, 0, 0, 0, 0, 0, 0, 0, 0, 0, 0, 0, 0
EQ-Music-Player-Equalizer_v1.0pakage.apk,1, 1, 0, 0, 0, 0, 0, 0, 0, 0, 0, 0, 0, 0, 0, 0, 0, 1, 0, 0
Equalizer--Bass-Booster_v1.2pakage.apk,1, 1, 1, 0, 0, 0, 1, 0, 0, 1, 0, 0, 0, 0, 0, 0, 0, 1, 0, 0
Equalizer--Bass-Booster_v1.3.9pakage.apk,1, 1, 1, 1, 1, 0, 0, 0, 0, 0, 0, 0, 0, 0, 0, 0, 0, 1, 0, 0
Equalizer-and-Bass-Booster_v1.0pakage.apk,1, 0, 1, 1, 1, 0, 1, 0, 0, 0, 0, 0, 0, 0, 0, 0, 0, 1, 0, 0
Equalizer-Music-HD_v1.1pakage.apk,1, 1, 1, 0, 0, 0, 0, 0, 0, 0, 0, 0, 0, 0, 0, 0, 0, 1, 0, 0
Equalizer-Music-Player_v1.127pakage.apk,1, 1, 1, 0, 0, 0, 1, 0, 0, 0, 0, 1, 0, 0, 0, 0, 0, 0, 0, 0
Eradication-of-Spiderman_v1.0pakage.apk,1, 1, 1, 1, 0, 1, 0, 1, 0, 1, 0, 0, 0, 0, 0, 0, 0, 0, 0, 0
eRail-1Timetable-v2.0pakage.apk,1, 1, 0, 0, 0, 0, 1, 0, 0, 0, 0, 0, 0, 0, 0, 0, 0, 0, 0, 0
ETV-Gujarati-Public-News_v1.1pakage.apk,1, 1, 1, 0, 0, 0, 1, 0, 0, 0, 0, 0, 0, 0, 0, 0, 0, 0, 0, 0
ETV-Rajasthan_v1.0pakage.apk,1, 1, 1, 0, 0, 0, 0, 0, 0, 0, 0, 0, 0, 0, 0, 0, 0, 0, 0, 0
Eye-Problem-Disease_v1.0pakage.apk,1, 1, 0, 0, 0, 0, 0, 0, 0, 1, 0, 0, 0, 0, 0, 0, 0, 0, 0, 0
Ezhuthani---Tamil-Keyboard_v1.1.3pakage.apk,0, 0, 0, 0, 1, 0, 0, 0, 0, 0, 1, 0, 0, 0, 0, 0, 0, 0, 0, 0
f-b.no_v3.0pakage.apk,1, 1, 1, 0, 0, 1, 1, 0, 1, 0, 0, 0, 0, 0, 0, 0, 0, 0, 0, 0
Face-Changer-Photo-Editor_v1.0pakage.apk,1, 1, 1, 1, 1, 0, 1, 0, 0, 1, 0, 0, 0, 1, 0, 0, 0, 0, 0, 0
Face-Edit_v1.0pakage.apk,1, 1, 1, 0, 0, 0, 0, 0, 0, 1, 0, 0, 0, 1, 0, 0, 0, 0, 0, 0
Facebook-Likes-Prank_v4.1pakage.apk,1, 1, 0, 0, 0, 0, 1, 0, 0, 1, 0, 0, 0, 0, 0, 0, 0, 0, 0, 0
Fast-Cleaner---Memory-Booster_v1.0.8pakage.apk,1, 1, 1, 1, 0, 0, 0, 0, 1, 1, 0, 0, 0, 0, 0, 0, 1, 0, 0, 0
Fast-Cleaner---Speed-Booster_v1.0.0pakage.apk,1, 1, 1, 1, 0, 0, 0, 0, 1, 1, 1, 0, 1, 1, 0, 0, 1, 0, 0, 0
Fast-Download-Manager_v10000.10pakage.apk,1, 1, 1, 1, 0, 0, 1, 0, 0, 1, 0, 1, 0, 0, 0, 0, 1, 0, 0, 0
Fasttrack-Taxi-App_v10.3.4pakage.apk,1, 1, 1, 0, 1, 1, 1, 1, 0, 1, 1, 1, 1, 0, 1, 0, 0, 0, 0, 0
Fiesta-Home-DJ_v1.2pakage.apk,1, 1, 0, 0, 0, 0, 0, 0, 0, 0, 0, 0, 0, 0, 0, 0, 0, 0, 0, 0
Figure-1---Medical-Images_v5.3.1pakage.apk,1, 1, 0, 0, 0, 0, 1, 0, 0, 1, 1, 0, 0, 0, 0, 0, 0, 0, 0, 0
File-Commander---File-Manager_v3.9.14700pakage.apk,1, 1, 1, 1, 0, 0, 1, 0, 1, 1, 0, 0, 1, 1, 0, 0, 1, 0, 0, 0
File-Manager-(File-transfer)_v2.5.4pakage.apk,1, 1, 1, 0, 0, 0, 1, 0, 1, 1, 0, 0, 0, 0, 0, 0, 1, 0, 0, 0
File-Manager_v2.0.0.320_160912-4pakage.apk,1, 1, 1, 0, 0, 0, 1, 0, 0, 1, 0, 0, 1, 0, 0, 0, 1, 0, 0, 0
Find-My-Friends_v1.9pakage.apk,1, 1, 1, 1, 0, 0, 1, 1, 0, 1, 1, 0, 1, 0, 0, 0, 0, 0, 0, 0
Finger-Blood-Group-Test-Prank_v1.0pakage.apk,1, 1, 0, 0, 1, 0, 0, 0, 0, 1, 0, 0, 0, 0, 0, 0, 0, 0, 0, 0
Finger-Blood-Pressure-Prank_v1.0pakage.apk,1, 1, 1, 1, 0, 0, 0, 0, 0, 1, 0, 0, 0, 0, 0, 0, 0, 0, 0, 0
Finger-Sugar-Monitor-Prank_v1.0pakage.apk,1, 1, 1, 1, 0, 0, 0, 0, 0, 1, 0, 0, 0, 0, 0, 0, 0, 0, 0, 0
Fingerprint-app-Lock-Simulator_v1.4pakage.apk,1, 1, 0, 0, 1, 0, 0, 0, 0, 0, 0, 0, 0, 0, 0, 0, 0, 0, 0, 0
Fingerprint-Lock-Screen-Prank_v1.0pakage.apk,1, 1, 0, 1, 1, 0, 1, 0, 1, 1, 1, 0, 0, 0, 0, 0, 1, 0, 0, 0
Fingerprint-Thermometer-Prank_v1.0pakage.apk,1, 1, 1, 1, 0, 0, 0, 0, 0, 1, 0, 0, 0, 0, 0, 0, 0, 0, 0, 0
Firefox-\xd0\xb4\xd0\xbb\xd1\x8f-Android_v50.0pakage.apk,1, 1, 1, 0, 1, 0, 1, 1, 1, 1, 0, 1, 1, 1, 0, 0, 0, 1, 1, 0
First-Aid-Treatment_v1.0.0pakage.apk,1, 1, 1, 0, 1, 1, 1, 1, 0, 0, 0, 0, 0, 0, 0, 0, 0, 0, 0, 0
First-Aid_v1.0pakage.apk,1, 1, 0, 0, 0, 0, 0, 0, 0, 1, 0, 0, 0, 0, 0, 0, 0, 0, 0, 0
FitMap_v1.0.1pakage.apk,1, 1, 1, 0, 0, 1, 1, 1, 0, 0, 0, 0, 0, 0, 0, 0, 0, 0, 0, 0
Flash-Alerts-on-Call--Sms_v2.2.2pakage.apk,1, 1, 1, 1, 1, 0, 0, 0, 0, 1, 1, 0, 0, 1, 1, 0, 0, 0, 0, 0
Flash-Keyboard_v4.181.106.6pakage.apk,1, 1, 1, 0, 1, 1, 1, 0, 1, 0, 0, 0, 0, 0, 0, 0, 0, 0, 0, 0
Flash-Light-On-Call-And-SMS_v1.0pakage.apk,1, 1, 1, 1, 0, 0, 0, 0, 1, 1, 1, 0, 0, 1, 0, 0, 1, 0, 0, 0
Flash-On-Call-and-SMS_v1.5pakage.apk,1, 1, 1, 1, 0, 0, 1, 0, 0, 0, 0, 0, 0, 1, 0, 0, 0, 0, 0, 0
Flashlight--LED-Torch_v1.6.41pakage.apk,1, 1, 0, 0, 0, 0, 1, 0, 1, 0, 0, 0, 0, 1, 0, 0, 0, 0, 0, 0
Flashlight-LED_v7.6343pakage.apk,1, 1, 0, 0, 0, 0, 0, 0, 0, 0, 0, 0, 0, 1, 0, 0, 0, 0, 0, 0
Flashlight-on-Clap_v1.4pakage.apk,1, 1, 1, 0, 0, 0, 1, 1, 0, 0, 0, 0, 0, 1, 0, 0, 0, 1, 0, 0
Flashlight-on-Clap_v3.5pakage.apk,1, 1, 1, 0, 0, 0, 1, 0, 0, 0, 0, 0, 0, 1, 0, 0, 0, 1, 0, 0
Flightradar24-Pro_v6.6.2pakage.apk,1, 1, 1, 0, 1, 0, 1, 1, 0, 0, 0, 0, 0, 1, 0, 0, 0, 0, 0, 0
Flipboard-Your-News-Magazine_v3.4.15pakage.apk,1, 1, 1, 0, 0, 0, 1, 0, 0, 0, 0, 0, 1, 0, 0, 0, 0, 0, 0, 0
Flower-Clock-Live-Wallpaper_vVaries+with+devicepakage.apk,1, 1, 1, 1, 0, 1, 1, 1, 1, 1, 1, 0, 1, 0, 1, 1, 0, 0, 1, 0
Flowers-Photo-Frames_v1.11pakage.apk,1, 1, 1, 0, 0, 0, 0, 0, 0, 0, 0, 1, 0, 1, 0, 0, 0, 0, 0, 0
Flowers-Photo-Frames_v1.5pakage.apk,1, 1, 1, 1, 1, 0, 1, 0, 1, 1, 0, 0, 0, 1, 0, 0, 0, 0, 0, 0
FNM-de-Cuba_v16.03.21pakage.apk,0, 0, 1, 0, 1, 0, 0, 0, 0, 0, 0, 0, 0, 1, 0, 0, 0, 0, 0, 0
Fonts-for-FlipFont-Romance_v3.14.1pakage.apk,1, 1, 1, 0, 0, 0, 1, 0, 1, 0, 0, 0, 0, 0, 0, 0, 0, 0, 0, 0
FotoRus---Photo-Editor_v6.6.5pakage.apk,1, 1, 1, 1, 0, 1, 1, 1, 0, 1, 0, 0, 1, 1, 0, 0, 0, 1, 0, 0
FRANCE-24_v3.6.2pakage.apk,1, 1, 1, 1, 1, 0, 1, 0, 1, 1, 0, 0, 0, 0, 0, 0, 0, 0, 0, 0
Frank-Ross-Health_v1.0.1pakage.apk,1, 1, 1, 1, 0, 0, 1, 1, 0, 0, 0, 0, 0, 0, 1, 0, 0, 0, 0, 0
Free-imo-video-calls-chat-tips_v1.0pakage.apk,1, 1, 0, 0, 1, 0, 1, 0, 0, 0, 0, 0, 1, 0, 0, 0, 0, 0, 0, 0
Free-jio-sim_v1.0pakage.apk,1, 1, 0, 0, 0, 0, 1, 0, 0, 1, 0, 0, 0, 0, 0, 0, 0, 0, 0, 0
Free-MX-player-Tips_v1.0pakage.apk,1, 1, 0, 0, 0, 0, 0, 0, 0, 1, 0, 0, 0, 0, 0, 0, 0, 0, 0, 0
Free-Phone-Calls_-Free-Texting_v2.7.6pakage.apk,1, 1, 1, 1, 1, 1, 1, 1, 1, 1, 1, 1, 1, 1, 1, 1, 1, 1, 0, 0
Free-PicAsrt-Tips-2016_v1.0pakage.apk,1, 1, 0, 0, 0, 0, 0, 0, 0, 1, 0, 0, 0, 0, 0, 0, 0, 0, 0, 0
Free-Soma-Video-Call-Chat-Tips_v1.2pakage.apk,1, 1, 0, 0, 0, 0, 0, 0, 0, 0, 0, 0, 0, 0, 0, 0, 0, 0, 0, 0
Free-Talktime_v2.3pakage.apk,1, 1, 0, 1, 1, 0, 1, 0, 0, 1, 1, 0, 1, 0, 0, 0, 1, 0, 0, 0
FREE-Video-Calls-and-Chat_v1.23.13pakage.apk,1, 1, 1, 1, 1, 0, 1, 0, 0, 0, 0, 0, 1, 1, 0, 0, 0, 1, 0, 0
Free-WiFi-Connect_v7.2.0pakage.apk,1, 1, 1, 1, 1, 1, 1, 1, 1, 1, 0, 1, 1, 0, 0, 0, 0, 0, 0, 0
Free-Wifi-JioNet_vJioNet-1.7.34pakage.apk,1, 1, 1, 1, 0, 1, 1, 1, 1, 1, 0, 0, 0, 0, 0, 0, 1, 0, 0, 0
FREE-WIFI-PASSWORD-KEYGEN_v14.0pakage.apk,1, 1, 0, 0, 0, 0, 0, 0, 0, 1, 0, 0, 0, 0, 0, 0, 0, 0, 0, 0
Free-Windows-Theme-Go-Launcher_v1.01pakage.apk,1, 1, 1, 1, 1, 0, 0, 0, 0, 1, 0, 0, 0, 0, 0, 0, 0, 0, 0, 0
Freiburg-Offline-travel-guide_v1.01pakage.apk,1, 1, 1, 0, 1, 1, 1, 1, 1, 0, 0, 0, 1, 0, 0, 0, 0, 0, 0, 0
French-Dictionary---Offline_v3.1pakage.apk,1, 1, 1, 0, 0, 0, 0, 0, 0, 0, 0, 0, 0, 0, 0, 0, 0, 0, 0, 0
Friends-for-Facebook_v1.0pakage.apk,1, 0, 0, 0, 0, 0, 0, 0, 0, 0, 0, 0, 0, 0, 0, 0, 0, 0, 0, 0
Friends-Locator_v90pakage.apk,1, 1, 1, 0, 0, 1, 1, 1, 0, 0, 0, 0, 1, 0, 0, 0, 0, 0, 0, 0
Fuel-Station-Locator_v1.1pakage.apk,1, 1, 0, 0, 0, 1, 1, 1, 0, 0, 0, 0, 0, 0, 0, 0, 0, 0, 0, 0
Fuelio-Gas-log--costs_v6.1.4pakage.apk,1, 1, 1, 0, 0, 1, 1, 1, 1, 0, 0, 0, 1, 0, 0, 0, 0, 0, 0, 0
Full-Forms-Dictionary_v1.0pakage.apk,1, 1, 1, 1, 0, 1, 1, 1, 0, 1, 0, 0, 1, 0, 0, 0, 0, 0, 0, 0
Full-Screen-Caller-ID-+-Dialer_v1.0pakage.apk,1, 1, 1, 1, 0, 0, 1, 0, 0, 0, 1, 0, 0, 1, 1, 1, 0, 1, 0, 0
full-screen-incoming-call_v1.0pakage.apk,1, 1, 1, 1, 1, 0, 0, 0, 0, 1, 1, 0, 0, 1, 1, 1, 0, 0, 0, 0
Funny-Monkey-Live-Wallpaper_v1.1pakage.apk,1, 1, 0, 0, 0, 0, 0, 0, 0, 1, 0, 0, 0, 0, 0, 0, 0, 0, 0, 0
Gaana-Bollywood-Music--Radio_v7.5.1pakage.apk,1, 1, 1, 0, 1, 1, 1, 1, 1, 1, 0, 0, 1, 0, 0, 0, 1, 0, 0, 0
Gadgets-360_v2.14pakage.apk,1, 1, 1, 0, 1, 0, 1, 0, 0, 0, 0, 0, 1, 0, 0, 0, 0, 0, 0, 0
Galaxy-Launcher_v1.1.3pakage.apk,0, 0, 1, 0, 1, 0, 0, 0, 0, 0, 0, 1, 1, 0, 1, 0, 1, 0, 0, 0
Gallery_v1.7.1pakage.apk,1, 1, 1, 1, 1, 0, 1, 0, 0, 0, 0, 0, 1, 0, 0, 0, 0, 0, 0, 0
Gallery_v2.1pakage.apk,1, 1, 1, 0, 0, 0, 0, 0, 0, 0, 0, 0, 0, 0, 0, 0, 0, 0, 0, 0
Garden-Live-Wallpaper_v1.4pakage.apk,1, 1, 0, 0, 0, 0, 0, 0, 0, 0, 0, 0, 0, 0, 0, 0, 0, 0, 0, 0
Garden-Photo-Frames-2016_v1.0pakage.apk,1, 1, 1, 1, 0, 0, 1, 0, 0, 1, 0, 0, 0, 1, 0, 0, 0, 0, 0, 0
Garden-Photo-Frame_v2.0pakage.apk,1, 1, 1, 1, 0, 0, 0, 0, 0, 1, 0, 0, 0, 1, 0, 0, 0, 0, 0, 0
Gayatri-Mantra_v1.0pakage.apk,1, 1, 1, 1, 1, 0, 0, 0, 0, 0, 0, 1, 0, 0, 0, 0, 0, 0, 0, 0
GBwhatsapp_v1.1.0pakage.apk,1, 1, 1, 0, 0, 0, 0, 0, 0, 0, 0, 0, 0, 0, 0, 0, 0, 0, 0, 0
Gems-of-Clans---Clash-of-Clans_v1.0pakage.apk,1, 1, 0, 0, 0, 0, 0, 0, 0, 0, 0, 0, 0, 0, 0, 0, 0, 0, 0, 0
General-Knowledge---World-GK_v16.0.0pakage.apk,1, 1, 0, 0, 0, 0, 1, 0, 0, 0, 0, 0, 0, 0, 0, 0, 0, 0, 0, 0
Geo-News_v3.13pakage.apk,1, 1, 1, 0, 0, 1, 1, 0, 0, 0, 0, 0, 1, 1, 0, 0, 0, 0, 0, 0
Gesture-Lock-Screen_v2.7.1pakage.apk,1, 1, 1, 1, 0, 0, 1, 0, 1, 0, 0, 1, 0, 0, 0, 0, 0, 0, 0, 0
Get-Jio-Sim-4G-Reliance-Guide_v1.0pakage.apk,1, 1, 0, 0, 0, 0, 0, 0, 0, 0, 0, 0, 0, 0, 0, 0, 0, 0, 0, 0
Gett-(GetTaxi)---The-Taxi-App_v8.1.15pakage.apk,1, 1, 0, 0, 1, 0, 1, 1, 0, 1, 1, 0, 1, 1, 0, 0, 0, 0, 0, 0
GK-2016---IAS---UPSC---INDIA_v1.0.9pakage.apk,1, 1, 0, 0, 0, 0, 0, 0, 0, 0, 0, 0, 0, 0, 0, 0, 0, 0, 0, 0
GK-in-Hindi_vHGK1.2.1pakage.apk,1, 1, 0, 0, 0, 0, 0, 0, 0, 0, 0, 0, 0, 0, 0, 0, 0, 0, 0, 0
Glob---GPS_-Traffic-and-radar_v2.0.25pakage.apk,1, 1, 1, 1, 1, 1, 1, 1, 0, 0, 0, 1, 0, 0, 0, 0, 0, 0, 0, 0
GO-Clock---AlarmCalendar_v1.4.0pakage.apk,1, 1, 1, 1, 1, 1, 1, 1, 1, 1, 0, 1, 1, 1, 0, 0, 1, 0, 0, 0
GO-Keyboard---Emoji_-Sticker_v3.05pakage.apk,1, 1, 1, 0, 1, 0, 1, 0, 1, 0, 1, 0, 1, 0, 0, 0, 1, 1, 0, 0
Go-Launcher-Cute-Theme_v4.177.83.71pakage.apk,1, 1, 1, 0, 1, 1, 1, 0, 1, 0, 0, 0, 0, 0, 0, 0, 0, 0, 0, 0
GO-Launcher-Theme_Wallpaper_v2.21pakage.apk,1, 1, 1, 1, 1, 1, 1, 1, 1, 1, 1, 1, 1, 1, 1, 0, 1, 0, 0, 0
GO-Locker---theme--wallpaper_v6.05pakage.apk,1, 1, 1, 1, 1, 1, 1, 1, 1, 1, 1, 1, 1, 1, 1, 1, 1, 1, 0, 0
GO-Music_v1.13.2pakage.apk,1, 1, 1, 1, 1, 1, 1, 1, 1, 1, 0, 0, 1, 1, 0, 0, 1, 1, 0, 0
GO-SMS-Pro_v7.17pakage.apk,1, 1, 1, 1, 1, 1, 1, 0, 1, 1, 1, 0, 1, 1, 1, 1, 1, 1, 0, 0
GO-Speed-(Clean--AppLock)_v2.7.0pakage.apk,1, 1, 1, 1, 1, 0, 1, 0, 1, 1, 0, 1, 1, 1, 0, 0, 1, 0, 1, 1
God-Screen-Lock_v1.9pakage.apk,1, 1, 1, 1, 1, 0, 1, 0, 1, 1, 0, 0, 1, 1, 0, 0, 1, 0, 0, 0
Goibibo-Hotel-Flight-Bus-Car_v2.6.5pakage.apk,1, 1, 1, 1, 0, 1, 1, 1, 1, 1, 1, 0, 1, 1, 1, 1, 0, 0, 0, 0
Gold-Luxury-Deluxe-Theme_v1.0.2pakage.apk,1, 1, 1, 1, 1, 0, 1, 0, 1, 1, 0, 0, 0, 0, 0, 0, 0, 0, 0, 0
Google-Text-to-speech_v3.10.10pakage.apk,1, 1, 1, 0, 0, 0, 0, 0, 0, 0, 0, 0, 0, 0, 0, 0, 0, 0, 0, 0
Google-Translate_v5.5.0.RC04.137189260pakage.apk,1, 1, 1, 0, 0, 0, 0, 0, 1, 0, 0, 0, 1, 1, 0, 0, 0, 1, 0, 0
Govt-Job-Alert-App_v3.0pakage.apk,1, 1, 1, 0, 0, 0, 0, 0, 0, 1, 0, 0, 0, 0, 0, 0, 0, 0, 0, 0
GPS-Driving-Route_v4.5.6.3pakage.apk,1, 1, 1, 1, 1, 0, 1, 1, 0, 1, 0, 0, 1, 0, 0, 0, 0, 0, 0, 0
GPS-Location-Alarm_v1.0.1pakage.apk,1, 1, 1, 1, 1, 1, 0, 1, 0, 1, 0, 0, 0, 0, 0, 0, 0, 0, 0, 0
GPS-Location_v1.0pakage.apk,1, 1, 0, 0, 0, 0, 1, 1, 0, 0, 0, 0, 0, 0, 0, 0, 0, 0, 0, 0
GPS-Map-Fake-Location-Setting_v1.9pakage.apk,1, 1, 1, 0, 0, 1, 1, 1, 0, 0, 0, 0, 0, 0, 0, 0, 0, 0, 0, 0
GPS-Map-Free_v4.5pakage.apk,1, 1, 1, 1, 0, 1, 1, 1, 0, 0, 0, 0, 0, 0, 0, 0, 0, 0, 0, 0
GPS-Maps-FullFunction_v2.7.8pakage.apk,1, 1, 0, 0, 0, 0, 0, 0, 0, 0, 0, 0, 0, 0, 0, 0, 0, 0, 0, 0
GPS-Navigation-BE-ON-ROAD_v3.10.45pakage.apk,1, 1, 1, 1, 0, 0, 1, 1, 1, 1, 1, 0, 1, 0, 0, 0, 0, 0, 0, 0
GPS-navigator-and-tracker_v1.2pakage.apk,1, 1, 1, 0, 0, 1, 1, 1, 0, 0, 0, 0, 0, 0, 0, 0, 0, 0, 0, 0
GPS-Places-Navigation_v1.0.0pakage.apk,1, 1, 0, 0, 0, 1, 0, 1, 0, 0, 0, 0, 0, 0, 0, 0, 0, 0, 0, 0
GPS-ROUTE-FINDER_v1.0.1pakage.apk,1, 1, 0, 0, 0, 0, 0, 1, 0, 0, 0, 0, 0, 0, 0, 0, 0, 0, 0, 0
GPS-Route-Finder_v2.0.3pakage.apk,1, 1, 1, 0, 0, 1, 1, 1, 1, 1, 1, 0, 1, 0, 0, 0, 0, 0, 0, 0
GPS-Route-Maps_v5.1pakage.apk,1, 1, 1, 0, 0, 1, 1, 1, 0, 0, 0, 0, 1, 0, 0, 0, 0, 0, 0, 0
GPS-Speedometer-Free_v1.13pakage.apk,1, 1, 1, 0, 0, 0, 1, 1, 0, 0, 0, 0, 0, 0, 0, 0, 0, 0, 0, 0
GPS-Tracker_v1.0pakage.apk,1, 1, 1, 0, 0, 1, 0, 1, 0, 0, 0, 0, 0, 0, 0, 0, 0, 0, 0, 0
Grab-Driver_v5.7.1pakage.apk,1, 1, 1, 1, 1, 1, 1, 1, 0, 1, 0, 1, 1, 0, 0, 0, 0, 0, 0, 0
Grab_v4.14.1pakage.apk,1, 1, 1, 1, 1, 1, 1, 1, 0, 1, 1, 0, 1, 0, 0, 0, 0, 0, 0, 0
GSP-Autorent_v1.0pakage.apk,1, 1, 1, 0, 0, 0, 0, 0, 0, 0, 0, 0, 0, 0, 0, 0, 0, 0, 0, 0
GTA-Vice-City-Cheats-FREE_v1.00pakage.apk,1, 1, 0, 0, 0, 0, 0, 0, 0, 0, 0, 0, 0, 0, 0, 0, 0, 0, 0, 0
GTAXI-Israel_v1.0.2pakage.apk,1, 0, 0, 0, 0, 1, 0, 1, 0, 0, 0, 0, 1, 0, 1, 0, 0, 0, 0, 0
Guide-for-WhatsApp-Messenger_v2.2.4pakage.apk,1, 1, 0, 0, 0, 0, 0, 0, 1, 0, 0, 0, 1, 1, 0, 0, 0, 0, 0, 0
Guide-Ghost-Tekken_v8.3pakage.apk,1, 1, 0, 0, 0, 0, 1, 0, 0, 0, 0, 0, 0, 0, 0, 0, 0, 0, 0, 0
Guide-Jio-4G-TV-Ultimate_v1.0pakage.apk,1, 1, 0, 0, 0, 0, 0, 0, 0, 0, 0, 0, 0, 0, 0, 0, 0, 0, 0, 0
Guvera-Music_v3.7.0pakage.apk,1, 1, 1, 1, 1, 1, 1, 1, 1, 1, 0, 1, 1, 0, 0, 0, 0, 0, 0, 0
Hair_-Beard-Styles-Editor_v1.1pakage.apk,1, 1, 1, 0, 0, 0, 0, 0, 0, 0, 0, 0, 0, 1, 0, 0, 0, 0, 0, 0
Hair-Changer-Pro_v1.9pakage.apk,1, 1, 1, 0, 0, 1, 0, 1, 0, 1, 0, 0, 0, 1, 0, 0, 0, 0, 0, 0
Hangouts_v14.0.136618992pakage.apk,1, 1, 1, 1, 1, 1, 1, 1, 1, 1, 1, 0, 1, 1, 1, 1, 0, 1, 0, 0
Hanuman-Aarti-Bhajan_v1.0pakage.apk,1, 1, 1, 0, 0, 0, 0, 0, 0, 1, 0, 1, 0, 0, 0, 0, 0, 0, 0, 0